condition_id,family,level,alpha_scale,beta_scale,sigma_scale,r,dose,node,metric,reduction_percent,ci95_low,ci95_high,paired_replicates
baseline,baseline,1.0,1.0,1.0,1.0,0.75,100.0,BAFF,auc,3.0620913082236467,2.5731838137756236,3.6027065168607453,200
baseline,baseline,1.0,1.0,1.0,1.0,0.75,100.0,BAFF,final,3.033111908562003,2.5270812583863336,3.587522249570762,200
baseline,baseline,1.0,1.0,1.0,1.0,0.75,100.0,BAFFR,auc,0.0,0.0,0.0,200
baseline,baseline,1.0,1.0,1.0,1.0,0.75,100.0,BAFFR,final,0.0,0.0,0.0,200
baseline,baseline,1.0,1.0,1.0,1.0,0.75,100.0,Btx,auc,0.0,0.0,0.0,200
baseline,baseline,1.0,1.0,1.0,1.0,0.75,100.0,Btx,final,0.0,0.0,0.0,200
baseline,baseline,1.0,1.0,1.0,1.0,0.75,100.0,CD40,auc,0.0,0.0,0.0,200
baseline,baseline,1.0,1.0,1.0,1.0,0.75,100.0,CD40,final,0.0,0.0,0.0,200
baseline,baseline,1.0,1.0,1.0,1.0,0.75,100.0,IKKa_noncanonical,auc,0.0,0.0,0.0,200
baseline,baseline,1.0,1.0,1.0,1.0,0.75,100.0,IKKa_noncanonical,final,0.0,0.0,0.0,200
baseline,baseline,1.0,1.0,1.0,1.0,0.75,100.0,IL1R,auc,0.0,0.0,0.0,200
baseline,baseline,1.0,1.0,1.0,1.0,0.75,100.0,IL1R,final,0.0,0.0,0.0,200
baseline,baseline,1.0,1.0,1.0,1.0,0.75,100.0,IkBa_release_signal,auc,28.567683802712406,26.79200529548665,30.500673116388196,200
baseline,baseline,1.0,1.0,1.0,1.0,0.75,100.0,IkBa_release_signal,final,28.6791560838205,26.888900746920083,30.563254428403773,200
baseline,baseline,1.0,1.0,1.0,1.0,0.75,100.0,LTB,auc,0.0,0.0,0.0,200
baseline,baseline,1.0,1.0,1.0,1.0,0.75,100.0,LTB,final,0.0,0.0,0.0,200
baseline,baseline,1.0,1.0,1.0,1.0,0.75,100.0,NEMO_IKKa_IKKb,auc,14.187816741898729,13.067839419261931,15.377731063033576,200
baseline,baseline,1.0,1.0,1.0,1.0,0.75,100.0,NEMO_IKKa_IKKb,final,14.235607456171683,13.092052990550377,15.498973384964538,200
baseline,baseline,1.0,1.0,1.0,1.0,0.75,100.0,NIK,auc,0.0,0.0,0.0,200
baseline,baseline,1.0,1.0,1.0,1.0,0.75,100.0,NIK,final,0.0,0.0,0.0,200
baseline,baseline,1.0,1.0,1.0,1.0,0.75,100.0,Phenotype_canonical,auc,14.215982797579564,12.683645804132741,15.80540641845749,200
baseline,baseline,1.0,1.0,1.0,1.0,0.75,100.0,Phenotype_canonical,final,13.639814590271781,12.156830970624059,15.188097100173126,200
baseline,baseline,1.0,1.0,1.0,1.0,0.75,100.0,Phenotype_noncanonical,auc,1.5444975662416094,1.2386523554207916,1.9282880267916667,200
baseline,baseline,1.0,1.0,1.0,1.0,0.75,100.0,Phenotype_noncanonical,final,1.4759780860291505,1.1659149472412755,1.82156545331784,200
baseline,baseline,1.0,1.0,1.0,1.0,0.75,100.0,TAK1_TAB,auc,0.0,0.0,0.0,200
baseline,baseline,1.0,1.0,1.0,1.0,0.75,100.0,TAK1_TAB,final,0.0,0.0,0.0,200
baseline,baseline,1.0,1.0,1.0,1.0,0.75,100.0,TNFR,auc,0.0,0.0,0.0,200
baseline,baseline,1.0,1.0,1.0,1.0,0.75,100.0,TNFR,final,0.0,0.0,0.0,200
baseline,baseline,1.0,1.0,1.0,1.0,0.75,100.0,TNFa,auc,20.175816121483003,18.496218663422436,21.929133414394254,200
baseline,baseline,1.0,1.0,1.0,1.0,0.75,100.0,TNFa,final,20.028379444396204,18.29676142957612,21.802627033370445,200
baseline,baseline,1.0,1.0,1.0,1.0,0.75,100.0,TRAF2_3,auc,0.0,0.0,0.0,200
baseline,baseline,1.0,1.0,1.0,1.0,0.75,100.0,TRAF2_3,final,0.0,0.0,0.0,200
baseline,baseline,1.0,1.0,1.0,1.0,0.75,100.0,TRAF2_5,auc,0.0,0.0,0.0,200
baseline,baseline,1.0,1.0,1.0,1.0,0.75,100.0,TRAF2_5,final,0.0,0.0,0.0,200
baseline,baseline,1.0,1.0,1.0,1.0,0.75,100.0,TRAF6,auc,0.0,0.0,0.0,200
baseline,baseline,1.0,1.0,1.0,1.0,0.75,100.0,TRAF6,final,0.0,0.0,0.0,200
baseline,baseline,1.0,1.0,1.0,1.0,0.75,100.0,p100,auc,30.360406191377997,28.35610252154714,32.53090039235314,200
baseline,baseline,1.0,1.0,1.0,1.0,0.75,100.0,p100,final,30.414530381217908,28.345194131965894,32.6694734332355,200
baseline,baseline,1.0,1.0,1.0,1.0,0.75,100.0,p100_RelB,auc,8.62434683703891,7.737435667882648,9.556112504975832,200
baseline,baseline,1.0,1.0,1.0,1.0,0.75,100.0,p100_RelB,final,8.680100172339111,7.805369368305407,9.526738952878167,200
baseline,baseline,1.0,1.0,1.0,1.0,0.75,100.0,p50_p65,auc,45.61589410062129,44.112888375866106,47.10173335752628,200
baseline,baseline,1.0,1.0,1.0,1.0,0.75,100.0,p50_p65,final,45.77177124063413,44.37586919503976,47.319235481454626,200
baseline,baseline,1.0,1.0,1.0,1.0,0.75,100.0,p52,auc,5.295507527783472,4.5571914938540745,6.108579478426545,200
baseline,baseline,1.0,1.0,1.0,1.0,0.75,100.0,p52,final,5.305837389129275,4.572599491710187,6.142456563412327,200
alpha_0p50,alpha,0.5,0.5,1.0,1.0,0.75,100.0,BAFF,auc,11.00721674947267,9.661487144298455,12.463574622738662,200
alpha_0p50,alpha,0.5,0.5,1.0,1.0,0.75,100.0,BAFF,final,11.135729826162388,9.738387606884137,12.623422877686634,200
alpha_0p50,alpha,0.5,0.5,1.0,1.0,0.75,100.0,BAFFR,auc,0.0,0.0,0.0,200
alpha_0p50,alpha,0.5,0.5,1.0,1.0,0.75,100.0,BAFFR,final,0.0,0.0,0.0,200
alpha_0p50,alpha,0.5,0.5,1.0,1.0,0.75,100.0,Btx,auc,0.0,0.0,0.0,200
alpha_0p50,alpha,0.5,0.5,1.0,1.0,0.75,100.0,Btx,final,0.0,0.0,0.0,200
alpha_0p50,alpha,0.5,0.5,1.0,1.0,0.75,100.0,CD40,auc,0.0,0.0,0.0,200
alpha_0p50,alpha,0.5,0.5,1.0,1.0,0.75,100.0,CD40,final,0.0,0.0,0.0,200
alpha_0p50,alpha,0.5,0.5,1.0,1.0,0.75,100.0,IKKa_noncanonical,auc,0.0,0.0,0.0,200
alpha_0p50,alpha,0.5,0.5,1.0,1.0,0.75,100.0,IKKa_noncanonical,final,0.0,0.0,0.0,200
alpha_0p50,alpha,0.5,0.5,1.0,1.0,0.75,100.0,IL1R,auc,0.0,0.0,0.0,200
alpha_0p50,alpha,0.5,0.5,1.0,1.0,0.75,100.0,IL1R,final,0.0,0.0,0.0,200
alpha_0p50,alpha,0.5,0.5,1.0,1.0,0.75,100.0,IkBa_release_signal,auc,40.795556986207245,37.99537517148276,43.561173420948094,200
alpha_0p50,alpha,0.5,0.5,1.0,1.0,0.75,100.0,IkBa_release_signal,final,40.969039196605635,38.134187494265824,43.69000130614906,200
alpha_0p50,alpha,0.5,0.5,1.0,1.0,0.75,100.0,LTB,auc,0.0,0.0,0.0,200
alpha_0p50,alpha,0.5,0.5,1.0,1.0,0.75,100.0,LTB,final,0.0,0.0,0.0,200
alpha_0p50,alpha,0.5,0.5,1.0,1.0,0.75,100.0,NEMO_IKKa_IKKb,auc,22.828500773241757,20.490648377154574,25.10689388032992,200
alpha_0p50,alpha,0.5,0.5,1.0,1.0,0.75,100.0,NEMO_IKKa_IKKb,final,22.9846243784406,20.51948089620131,25.34222551965108,200
alpha_0p50,alpha,0.5,0.5,1.0,1.0,0.75,100.0,NIK,auc,0.0,0.0,0.0,200
alpha_0p50,alpha,0.5,0.5,1.0,1.0,0.75,100.0,NIK,final,0.0,0.0,0.0,200
alpha_0p50,alpha,0.5,0.5,1.0,1.0,0.75,100.0,Phenotype_canonical,auc,42.660716349871194,40.65994008296708,44.87393748465846,200
alpha_0p50,alpha,0.5,0.5,1.0,1.0,0.75,100.0,Phenotype_canonical,final,42.01447791472914,40.04158418779221,44.2586853177513,200
alpha_0p50,alpha,0.5,0.5,1.0,1.0,0.75,100.0,Phenotype_noncanonical,auc,9.395396362130004,8.18842023120091,10.616431713120264,200
alpha_0p50,alpha,0.5,0.5,1.0,1.0,0.75,100.0,Phenotype_noncanonical,final,9.347654707600395,8.240513594790425,10.659791285100994,200
alpha_0p50,alpha,0.5,0.5,1.0,1.0,0.75,100.0,TAK1_TAB,auc,0.0,0.0,0.0,200
alpha_0p50,alpha,0.5,0.5,1.0,1.0,0.75,100.0,TAK1_TAB,final,0.0,0.0,0.0,200
alpha_0p50,alpha,0.5,0.5,1.0,1.0,0.75,100.0,TNFR,auc,0.0,0.0,0.0,200
alpha_0p50,alpha,0.5,0.5,1.0,1.0,0.75,100.0,TNFR,final,0.0,0.0,0.0,200
alpha_0p50,alpha,0.5,0.5,1.0,1.0,0.75,100.0,TNFa,auc,47.58767420493496,45.73015815354846,49.530038722018894,200
alpha_0p50,alpha,0.5,0.5,1.0,1.0,0.75,100.0,TNFa,final,47.56140437097809,45.773417554229965,49.500992065982366,200
alpha_0p50,alpha,0.5,0.5,1.0,1.0,0.75,100.0,TRAF2_3,auc,0.0,0.0,0.0,200
alpha_0p50,alpha,0.5,0.5,1.0,1.0,0.75,100.0,TRAF2_3,final,0.0,0.0,0.0,200
alpha_0p50,alpha,0.5,0.5,1.0,1.0,0.75,100.0,TRAF2_5,auc,0.0,0.0,0.0,200
alpha_0p50,alpha,0.5,0.5,1.0,1.0,0.75,100.0,TRAF2_5,final,0.0,0.0,0.0,200
alpha_0p50,alpha,0.5,0.5,1.0,1.0,0.75,100.0,TRAF6,auc,0.0,0.0,0.0,200
alpha_0p50,alpha,0.5,0.5,1.0,1.0,0.75,100.0,TRAF6,final,0.0,0.0,0.0,200
alpha_0p50,alpha,0.5,0.5,1.0,1.0,0.75,100.0,p100,auc,52.61834096212561,50.600500602361414,54.71194127880154,200
alpha_0p50,alpha,0.5,0.5,1.0,1.0,0.75,100.0,p100,final,52.78364696154733,50.8620484086502,54.91561582139149,200
alpha_0p50,alpha,0.5,0.5,1.0,1.0,0.75,100.0,p100_RelB,auc,14.412442296159544,12.940107964868341,15.926851062303319,200
alpha_0p50,alpha,0.5,0.5,1.0,1.0,0.75,100.0,p100_RelB,final,14.621796598242852,13.127896638227082,16.16156769084539,200
alpha_0p50,alpha,0.5,0.5,1.0,1.0,0.75,100.0,p50_p65,auc,59.93928125993111,58.30369472181923,61.59381205464821,200
alpha_0p50,alpha,0.5,0.5,1.0,1.0,0.75,100.0,p50_p65,final,60.21473945983053,58.53980586173067,61.94112164541445,200
alpha_0p50,alpha,0.5,0.5,1.0,1.0,0.75,100.0,p52,auc,13.401085341807995,11.736433700147233,15.203813258009145,200
alpha_0p50,alpha,0.5,0.5,1.0,1.0,0.75,100.0,p52,final,13.595099331767669,11.780090484734496,15.493804339062136,200
alpha_0p75,alpha,0.75,0.75,1.0,1.0,0.75,100.0,BAFF,auc,6.399469263314462,5.585744835697787,7.319187290843074,200
alpha_0p75,alpha,0.75,0.75,1.0,1.0,0.75,100.0,BAFF,final,6.394086530771137,5.581567599493924,7.294689598637741,200
alpha_0p75,alpha,0.75,0.75,1.0,1.0,0.75,100.0,BAFFR,auc,0.0,0.0,0.0,200
alpha_0p75,alpha,0.75,0.75,1.0,1.0,0.75,100.0,BAFFR,final,0.0,0.0,0.0,200
alpha_0p75,alpha,0.75,0.75,1.0,1.0,0.75,100.0,Btx,auc,0.0,0.0,0.0,200
alpha_0p75,alpha,0.75,0.75,1.0,1.0,0.75,100.0,Btx,final,0.0,0.0,0.0,200
alpha_0p75,alpha,0.75,0.75,1.0,1.0,0.75,100.0,CD40,auc,0.0,0.0,0.0,200
alpha_0p75,alpha,0.75,0.75,1.0,1.0,0.75,100.0,CD40,final,0.0,0.0,0.0,200
alpha_0p75,alpha,0.75,0.75,1.0,1.0,0.75,100.0,IKKa_noncanonical,auc,0.0,0.0,0.0,200
alpha_0p75,alpha,0.75,0.75,1.0,1.0,0.75,100.0,IKKa_noncanonical,final,0.0,0.0,0.0,200
alpha_0p75,alpha,0.75,0.75,1.0,1.0,0.75,100.0,IL1R,auc,0.0,0.0,0.0,200
alpha_0p75,alpha,0.75,0.75,1.0,1.0,0.75,100.0,IL1R,final,0.0,0.0,0.0,200
alpha_0p75,alpha,0.75,0.75,1.0,1.0,0.75,100.0,IkBa_release_signal,auc,33.896849922981545,31.595550195533963,36.02698772180153,200
alpha_0p75,alpha,0.75,0.75,1.0,1.0,0.75,100.0,IkBa_release_signal,final,34.03757256729186,31.825943499746174,36.24874858748226,200
alpha_0p75,alpha,0.75,0.75,1.0,1.0,0.75,100.0,LTB,auc,0.0,0.0,0.0,200
alpha_0p75,alpha,0.75,0.75,1.0,1.0,0.75,100.0,LTB,final,0.0,0.0,0.0,200
alpha_0p75,alpha,0.75,0.75,1.0,1.0,0.75,100.0,NEMO_IKKa_IKKb,auc,17.59470563401959,16.016724934574217,19.08890050368907,200
alpha_0p75,alpha,0.75,0.75,1.0,1.0,0.75,100.0,NEMO_IKKa_IKKb,final,17.675844326072575,16.120184886668547,19.314618818647396,200
alpha_0p75,alpha,0.75,0.75,1.0,1.0,0.75,100.0,NIK,auc,0.0,0.0,0.0,200
alpha_0p75,alpha,0.75,0.75,1.0,1.0,0.75,100.0,NIK,final,0.0,0.0,0.0,200
alpha_0p75,alpha,0.75,0.75,1.0,1.0,0.75,100.0,Phenotype_canonical,auc,24.115187262424577,22.27226076877291,26.0702285318004,200
alpha_0p75,alpha,0.75,0.75,1.0,1.0,0.75,100.0,Phenotype_canonical,final,23.344115934807487,21.560620047901963,25.29508861881844,200
alpha_0p75,alpha,0.75,0.75,1.0,1.0,0.75,100.0,Phenotype_noncanonical,auc,4.126212227643034,3.505411063357869,4.870534243875777,200
alpha_0p75,alpha,0.75,0.75,1.0,1.0,0.75,100.0,Phenotype_noncanonical,final,4.009793834224739,3.3494495426710182,4.72974585751788,200
alpha_0p75,alpha,0.75,0.75,1.0,1.0,0.75,100.0,TAK1_TAB,auc,0.0,0.0,0.0,200
alpha_0p75,alpha,0.75,0.75,1.0,1.0,0.75,100.0,TAK1_TAB,final,0.0,0.0,0.0,200
alpha_0p75,alpha,0.75,0.75,1.0,1.0,0.75,100.0,TNFR,auc,0.0,0.0,0.0,200
alpha_0p75,alpha,0.75,0.75,1.0,1.0,0.75,100.0,TNFR,final,0.0,0.0,0.0,200
alpha_0p75,alpha,0.75,0.75,1.0,1.0,0.75,100.0,TNFa,auc,30.624773902781456,28.740349199852805,32.50752137054846,200
alpha_0p75,alpha,0.75,0.75,1.0,1.0,0.75,100.0,TNFa,final,30.460481642124403,28.613913356407256,32.5881767647722,200
alpha_0p75,alpha,0.75,0.75,1.0,1.0,0.75,100.0,TRAF2_3,auc,0.0,0.0,0.0,200
alpha_0p75,alpha,0.75,0.75,1.0,1.0,0.75,100.0,TRAF2_3,final,0.0,0.0,0.0,200
alpha_0p75,alpha,0.75,0.75,1.0,1.0,0.75,100.0,TRAF2_5,auc,0.0,0.0,0.0,200
alpha_0p75,alpha,0.75,0.75,1.0,1.0,0.75,100.0,TRAF2_5,final,0.0,0.0,0.0,200
alpha_0p75,alpha,0.75,0.75,1.0,1.0,0.75,100.0,TRAF6,auc,0.0,0.0,0.0,200
alpha_0p75,alpha,0.75,0.75,1.0,1.0,0.75,100.0,TRAF6,final,0.0,0.0,0.0,200
alpha_0p75,alpha,0.75,0.75,1.0,1.0,0.75,100.0,p100,auc,40.01295240190601,37.804461268986074,42.4500281880017,200
alpha_0p75,alpha,0.75,0.75,1.0,1.0,0.75,100.0,p100,final,40.09326409251113,37.71980283190583,42.38225251845925,200
alpha_0p75,alpha,0.75,0.75,1.0,1.0,0.75,100.0,p100_RelB,auc,12.517257674068304,11.40434771200497,13.702752020961862,200
alpha_0p75,alpha,0.75,0.75,1.0,1.0,0.75,100.0,p100_RelB,final,12.63775748699384,11.499147055037938,13.962464989334151,200
alpha_0p75,alpha,0.75,0.75,1.0,1.0,0.75,100.0,p50_p65,auc,52.43132689430156,50.86289382744536,53.97558934777989,200
alpha_0p75,alpha,0.75,0.75,1.0,1.0,0.75,100.0,p50_p65,final,52.64026122675807,51.08620942469685,54.290377626550374,200
alpha_0p75,alpha,0.75,0.75,1.0,1.0,0.75,100.0,p52,auc,9.29264594977387,8.191102416780012,10.519050900071258,200
alpha_0p75,alpha,0.75,0.75,1.0,1.0,0.75,100.0,p52,final,9.359205888291877,8.22578106837737,10.667962477201469,200
alpha_1p25,alpha,1.25,1.25,1.0,1.0,0.75,100.0,BAFF,auc,1.5806161210808911,1.2507292715830856,1.941022651036393,200
alpha_1p25,alpha,1.25,1.25,1.0,1.0,0.75,100.0,BAFF,final,1.5526533087289018,1.2320706156036643,1.916020167417705,200
alpha_1p25,alpha,1.25,1.25,1.0,1.0,0.75,100.0,BAFFR,auc,0.0,0.0,0.0,200
alpha_1p25,alpha,1.25,1.25,1.0,1.0,0.75,100.0,BAFFR,final,0.0,0.0,0.0,200
alpha_1p25,alpha,1.25,1.25,1.0,1.0,0.75,100.0,Btx,auc,0.0,0.0,0.0,200
alpha_1p25,alpha,1.25,1.25,1.0,1.0,0.75,100.0,Btx,final,0.0,0.0,0.0,200
alpha_1p25,alpha,1.25,1.25,1.0,1.0,0.75,100.0,CD40,auc,0.0,0.0,0.0,200
alpha_1p25,alpha,1.25,1.25,1.0,1.0,0.75,100.0,CD40,final,0.0,0.0,0.0,200
alpha_1p25,alpha,1.25,1.25,1.0,1.0,0.75,100.0,IKKa_noncanonical,auc,0.0,0.0,0.0,200
alpha_1p25,alpha,1.25,1.25,1.0,1.0,0.75,100.0,IKKa_noncanonical,final,0.0,0.0,0.0,200
alpha_1p25,alpha,1.25,1.25,1.0,1.0,0.75,100.0,IL1R,auc,0.0,0.0,0.0,200
alpha_1p25,alpha,1.25,1.25,1.0,1.0,0.75,100.0,IL1R,final,0.0,0.0,0.0,200
alpha_1p25,alpha,1.25,1.25,1.0,1.0,0.75,100.0,IkBa_release_signal,auc,24.596992276829965,22.983966733659706,26.23193010886873,200
alpha_1p25,alpha,1.25,1.25,1.0,1.0,0.75,100.0,IkBa_release_signal,final,24.686338499601078,23.07023464222347,26.362014929137835,200
alpha_1p25,alpha,1.25,1.25,1.0,1.0,0.75,100.0,LTB,auc,0.0,0.0,0.0,200
alpha_1p25,alpha,1.25,1.25,1.0,1.0,0.75,100.0,LTB,final,0.0,0.0,0.0,200
alpha_1p25,alpha,1.25,1.25,1.0,1.0,0.75,100.0,NEMO_IKKa_IKKb,auc,11.856847325865939,10.9141664245511,12.776942274884636,200
alpha_1p25,alpha,1.25,1.25,1.0,1.0,0.75,100.0,NEMO_IKKa_IKKb,final,11.887685203843546,10.9398957160698,12.819475044920798,200
alpha_1p25,alpha,1.25,1.25,1.0,1.0,0.75,100.0,NIK,auc,0.0,0.0,0.0,200
alpha_1p25,alpha,1.25,1.25,1.0,1.0,0.75,100.0,NIK,final,0.0,0.0,0.0,200
alpha_1p25,alpha,1.25,1.25,1.0,1.0,0.75,100.0,Phenotype_canonical,auc,9.151663510533403,7.9490980640500375,10.391859083511195,200
alpha_1p25,alpha,1.25,1.25,1.0,1.0,0.75,100.0,Phenotype_canonical,final,8.766436282971501,7.6288840724847695,9.977757983678906,200
alpha_1p25,alpha,1.25,1.25,1.0,1.0,0.75,100.0,Phenotype_noncanonical,auc,0.64857848879325,0.4866763479171535,0.8492814036680295,200
alpha_1p25,alpha,1.25,1.25,1.0,1.0,0.75,100.0,Phenotype_noncanonical,final,0.6092676413666176,0.44423169512183946,0.7976487824749603,200
alpha_1p25,alpha,1.25,1.25,1.0,1.0,0.75,100.0,TAK1_TAB,auc,0.0,0.0,0.0,200
alpha_1p25,alpha,1.25,1.25,1.0,1.0,0.75,100.0,TAK1_TAB,final,0.0,0.0,0.0,200
alpha_1p25,alpha,1.25,1.25,1.0,1.0,0.75,100.0,TNFR,auc,0.0,0.0,0.0,200
alpha_1p25,alpha,1.25,1.25,1.0,1.0,0.75,100.0,TNFR,final,0.0,0.0,0.0,200
alpha_1p25,alpha,1.25,1.25,1.0,1.0,0.75,100.0,TNFa,auc,14.220026239003847,12.761864249444667,15.83477082812133,200
alpha_1p25,alpha,1.25,1.25,1.0,1.0,0.75,100.0,TNFa,final,14.105457279451949,12.610804234540435,15.6764846243185,200
alpha_1p25,alpha,1.25,1.25,1.0,1.0,0.75,100.0,TRAF2_3,auc,0.0,0.0,0.0,200
alpha_1p25,alpha,1.25,1.25,1.0,1.0,0.75,100.0,TRAF2_3,final,0.0,0.0,0.0,200
alpha_1p25,alpha,1.25,1.25,1.0,1.0,0.75,100.0,TRAF2_5,auc,0.0,0.0,0.0,200
alpha_1p25,alpha,1.25,1.25,1.0,1.0,0.75,100.0,TRAF2_5,final,0.0,0.0,0.0,200
alpha_1p25,alpha,1.25,1.25,1.0,1.0,0.75,100.0,TRAF6,auc,0.0,0.0,0.0,200
alpha_1p25,alpha,1.25,1.25,1.0,1.0,0.75,100.0,TRAF6,final,0.0,0.0,0.0,200
alpha_1p25,alpha,1.25,1.25,1.0,1.0,0.75,100.0,p100,auc,23.63318719858335,21.808464133556214,25.61289174915373,200
alpha_1p25,alpha,1.25,1.25,1.0,1.0,0.75,100.0,p100,final,23.671838938196853,21.77912904352147,25.82199547781048,200
alpha_1p25,alpha,1.25,1.25,1.0,1.0,0.75,100.0,p100_RelB,auc,5.85137977960597,5.1553165927625,6.526030894276335,200
alpha_1p25,alpha,1.25,1.25,1.0,1.0,0.75,100.0,p100_RelB,final,5.87617087700294,5.193055704512573,6.619003423550491,200
alpha_1p25,alpha,1.25,1.25,1.0,1.0,0.75,100.0,p50_p65,auc,40.04975254479386,38.57190087260554,41.517065302757786,200
alpha_1p25,alpha,1.25,1.25,1.0,1.0,0.75,100.0,p50_p65,final,40.16911931685803,38.648338063545815,41.564178788830546,200
alpha_1p25,alpha,1.25,1.25,1.0,1.0,0.75,100.0,p52,auc,3.122388308063262,2.6349116937605306,3.707836735274775,200
alpha_1p25,alpha,1.25,1.25,1.0,1.0,0.75,100.0,p52,final,3.1191838184755127,2.6204824909491005,3.692115508698914,200
alpha_1p50,alpha,1.5,1.5,1.0,1.0,0.75,100.0,BAFF,auc,0.900049850237461,0.6867391485718033,1.1539129710725495,200
alpha_1p50,alpha,1.5,1.5,1.0,1.0,0.75,100.0,BAFF,final,0.8765999313376627,0.6636246536531976,1.1341115289494115,200
alpha_1p50,alpha,1.5,1.5,1.0,1.0,0.75,100.0,BAFFR,auc,0.0,0.0,0.0,200
alpha_1p50,alpha,1.5,1.5,1.0,1.0,0.75,100.0,BAFFR,final,0.0,0.0,0.0,200
alpha_1p50,alpha,1.5,1.5,1.0,1.0,0.75,100.0,Btx,auc,0.0,0.0,0.0,200
alpha_1p50,alpha,1.5,1.5,1.0,1.0,0.75,100.0,Btx,final,0.0,0.0,0.0,200
alpha_1p50,alpha,1.5,1.5,1.0,1.0,0.75,100.0,CD40,auc,0.0,0.0,0.0,200
alpha_1p50,alpha,1.5,1.5,1.0,1.0,0.75,100.0,CD40,final,0.0,0.0,0.0,200
alpha_1p50,alpha,1.5,1.5,1.0,1.0,0.75,100.0,IKKa_noncanonical,auc,0.0,0.0,0.0,200
alpha_1p50,alpha,1.5,1.5,1.0,1.0,0.75,100.0,IKKa_noncanonical,final,0.0,0.0,0.0,200
alpha_1p50,alpha,1.5,1.5,1.0,1.0,0.75,100.0,IL1R,auc,0.0,0.0,0.0,200
alpha_1p50,alpha,1.5,1.5,1.0,1.0,0.75,100.0,IL1R,final,0.0,0.0,0.0,200
alpha_1p50,alpha,1.5,1.5,1.0,1.0,0.75,100.0,IkBa_release_signal,auc,21.5959781317424,20.18254986592915,23.116770260607076,200
alpha_1p50,alpha,1.5,1.5,1.0,1.0,0.75,100.0,IkBa_release_signal,final,21.669165307285652,20.21673001962208,23.174262172504502,200
alpha_1p50,alpha,1.5,1.5,1.0,1.0,0.75,100.0,LTB,auc,0.0,0.0,0.0,200
alpha_1p50,alpha,1.5,1.5,1.0,1.0,0.75,100.0,LTB,final,0.0,0.0,0.0,200
alpha_1p50,alpha,1.5,1.5,1.0,1.0,0.75,100.0,NEMO_IKKa_IKKb,auc,10.178704987455433,9.413784347857495,10.937801439252476,200
alpha_1p50,alpha,1.5,1.5,1.0,1.0,0.75,100.0,NEMO_IKKa_IKKb,final,10.200016325012019,9.417798133161762,10.981076252608899,200
alpha_1p50,alpha,1.5,1.5,1.0,1.0,0.75,100.0,NIK,auc,0.0,0.0,0.0,200
alpha_1p50,alpha,1.5,1.5,1.0,1.0,0.75,100.0,NIK,final,0.0,0.0,0.0,200
alpha_1p50,alpha,1.5,1.5,1.0,1.0,0.75,100.0,Phenotype_canonical,auc,6.389666233045754,5.4172309167914605,7.434855089264677,200
alpha_1p50,alpha,1.5,1.5,1.0,1.0,0.75,100.0,Phenotype_canonical,final,6.128894610225776,5.159713137099976,7.13401543133482,200
alpha_1p50,alpha,1.5,1.5,1.0,1.0,0.75,100.0,Phenotype_noncanonical,auc,0.304407060503431,0.21914412762708446,0.4076730330585629,200
alpha_1p50,alpha,1.5,1.5,1.0,1.0,0.75,100.0,Phenotype_noncanonical,final,0.27981137824747426,0.1979694280828581,0.37345092446997047,200
alpha_1p50,alpha,1.5,1.5,1.0,1.0,0.75,100.0,TAK1_TAB,auc,0.0,0.0,0.0,200
alpha_1p50,alpha,1.5,1.5,1.0,1.0,0.75,100.0,TAK1_TAB,final,0.0,0.0,0.0,200
alpha_1p50,alpha,1.5,1.5,1.0,1.0,0.75,100.0,TNFR,auc,0.0,0.0,0.0,200
alpha_1p50,alpha,1.5,1.5,1.0,1.0,0.75,100.0,TNFR,final,0.0,0.0,0.0,200
alpha_1p50,alpha,1.5,1.5,1.0,1.0,0.75,100.0,TNFa,auc,10.64256969521724,9.306481126399946,12.14708233798721,200
alpha_1p50,alpha,1.5,1.5,1.0,1.0,0.75,100.0,TNFa,final,10.553051424959936,9.142336562505436,12.057766395769397,200
alpha_1p50,alpha,1.5,1.5,1.0,1.0,0.75,100.0,TRAF2_3,auc,0.0,0.0,0.0,200
alpha_1p50,alpha,1.5,1.5,1.0,1.0,0.75,100.0,TRAF2_3,final,0.0,0.0,0.0,200
alpha_1p50,alpha,1.5,1.5,1.0,1.0,0.75,100.0,TRAF2_5,auc,0.0,0.0,0.0,200
alpha_1p50,alpha,1.5,1.5,1.0,1.0,0.75,100.0,TRAF2_5,final,0.0,0.0,0.0,200
alpha_1p50,alpha,1.5,1.5,1.0,1.0,0.75,100.0,TRAF6,auc,0.0,0.0,0.0,200
alpha_1p50,alpha,1.5,1.5,1.0,1.0,0.75,100.0,TRAF6,final,0.0,0.0,0.0,200
alpha_1p50,alpha,1.5,1.5,1.0,1.0,0.75,100.0,p100,auc,18.89070585760779,17.238755776485036,20.57701760998686,200
alpha_1p50,alpha,1.5,1.5,1.0,1.0,0.75,100.0,p100,final,18.91696901780491,17.261982552762305,20.63432265121836,200
alpha_1p50,alpha,1.5,1.5,1.0,1.0,0.75,100.0,p100_RelB,auc,4.112908232927759,3.555936270863874,4.728358695783806,200
alpha_1p50,alpha,1.5,1.5,1.0,1.0,0.75,100.0,p100_RelB,final,4.1242050154793315,3.5728202962170204,4.7105628441854535,200
alpha_1p50,alpha,1.5,1.5,1.0,1.0,0.75,100.0,p50_p65,auc,35.600751486592976,34.23680885721252,37.02501319631821,200
alpha_1p50,alpha,1.5,1.5,1.0,1.0,0.75,100.0,p50_p65,final,35.69540103868915,34.37201183242433,37.021132202452605,200
alpha_1p50,alpha,1.5,1.5,1.0,1.0,0.75,100.0,p52,auc,1.9661072695199122,1.5908487420070097,2.413459078455848,200
alpha_1p50,alpha,1.5,1.5,1.0,1.0,0.75,100.0,p52,final,1.9604265098729479,1.577537963206502,2.42331361510593,200
beta_0p50,beta,0.5,1.0,0.5,1.0,0.75,100.0,BAFF,auc,0.3692716395639173,0.2552577641459103,0.49610347650406444,200
beta_0p50,beta,0.5,1.0,0.5,1.0,0.75,100.0,BAFF,final,0.3421416075011119,0.23503856093988168,0.47159773649910736,200
beta_0p50,beta,0.5,1.0,0.5,1.0,0.75,100.0,BAFFR,auc,0.0,0.0,0.0,200
beta_0p50,beta,0.5,1.0,0.5,1.0,0.75,100.0,BAFFR,final,0.0,0.0,0.0,200
beta_0p50,beta,0.5,1.0,0.5,1.0,0.75,100.0,Btx,auc,0.0,0.0,0.0,200
beta_0p50,beta,0.5,1.0,0.5,1.0,0.75,100.0,Btx,final,0.0,0.0,0.0,200
beta_0p50,beta,0.5,1.0,0.5,1.0,0.75,100.0,CD40,auc,0.0,0.0,0.0,200
beta_0p50,beta,0.5,1.0,0.5,1.0,0.75,100.0,CD40,final,0.0,0.0,0.0,200
beta_0p50,beta,0.5,1.0,0.5,1.0,0.75,100.0,IKKa_noncanonical,auc,0.0,0.0,0.0,200
beta_0p50,beta,0.5,1.0,0.5,1.0,0.75,100.0,IKKa_noncanonical,final,0.0,0.0,0.0,200
beta_0p50,beta,0.5,1.0,0.5,1.0,0.75,100.0,IL1R,auc,0.0,0.0,0.0,200
beta_0p50,beta,0.5,1.0,0.5,1.0,0.75,100.0,IL1R,final,0.0,0.0,0.0,200
beta_0p50,beta,0.5,1.0,0.5,1.0,0.75,100.0,IkBa_release_signal,auc,17.369480916262457,16.153376419493295,18.63902751876981,200
beta_0p50,beta,0.5,1.0,0.5,1.0,0.75,100.0,IkBa_release_signal,final,17.482072038952623,16.275497923507533,18.83127340339284,200
beta_0p50,beta,0.5,1.0,0.5,1.0,0.75,100.0,LTB,auc,0.0,0.0,0.0,200
beta_0p50,beta,0.5,1.0,0.5,1.0,0.75,100.0,LTB,final,0.0,0.0,0.0,200
beta_0p50,beta,0.5,1.0,0.5,1.0,0.75,100.0,NEMO_IKKa_IKKb,auc,7.923397383177644,7.3635886788910785,8.480547601475285,200
beta_0p50,beta,0.5,1.0,0.5,1.0,0.75,100.0,NEMO_IKKa_IKKb,final,7.947328625784856,7.412277062301427,8.532492241959261,200
beta_0p50,beta,0.5,1.0,0.5,1.0,0.75,100.0,NIK,auc,0.0,0.0,0.0,200
beta_0p50,beta,0.5,1.0,0.5,1.0,0.75,100.0,NIK,final,0.0,0.0,0.0,200
beta_0p50,beta,0.5,1.0,0.5,1.0,0.75,100.0,Phenotype_canonical,auc,3.898141133815336,3.1790653364890002,4.764808196463822,200
beta_0p50,beta,0.5,1.0,0.5,1.0,0.75,100.0,Phenotype_canonical,final,3.6145163537494085,2.8887191609804463,4.472832340574676,200
beta_0p50,beta,0.5,1.0,0.5,1.0,0.75,100.0,Phenotype_noncanonical,auc,0.10051375836739318,0.07060844100092667,0.13318990715178836,200
beta_0p50,beta,0.5,1.0,0.5,1.0,0.75,100.0,Phenotype_noncanonical,final,0.07655952311304004,0.05111886375927882,0.10634337955685577,200
beta_0p50,beta,0.5,1.0,0.5,1.0,0.75,100.0,TAK1_TAB,auc,0.0,0.0,0.0,200
beta_0p50,beta,0.5,1.0,0.5,1.0,0.75,100.0,TAK1_TAB,final,0.0,0.0,0.0,200
beta_0p50,beta,0.5,1.0,0.5,1.0,0.75,100.0,TNFR,auc,0.0,0.0,0.0,200
beta_0p50,beta,0.5,1.0,0.5,1.0,0.75,100.0,TNFR,final,0.0,0.0,0.0,200
beta_0p50,beta,0.5,1.0,0.5,1.0,0.75,100.0,TNFa,auc,6.811987628348726,5.765411280873298,8.039912567866391,200
beta_0p50,beta,0.5,1.0,0.5,1.0,0.75,100.0,TNFa,final,6.686005963707098,5.574325233349729,7.795147804153706,200
beta_0p50,beta,0.5,1.0,0.5,1.0,0.75,100.0,TRAF2_3,auc,0.0,0.0,0.0,200
beta_0p50,beta,0.5,1.0,0.5,1.0,0.75,100.0,TRAF2_3,final,0.0,0.0,0.0,200
beta_0p50,beta,0.5,1.0,0.5,1.0,0.75,100.0,TRAF2_5,auc,0.0,0.0,0.0,200
beta_0p50,beta,0.5,1.0,0.5,1.0,0.75,100.0,TRAF2_5,final,0.0,0.0,0.0,200
beta_0p50,beta,0.5,1.0,0.5,1.0,0.75,100.0,TRAF6,auc,0.0,0.0,0.0,200
beta_0p50,beta,0.5,1.0,0.5,1.0,0.75,100.0,TRAF6,final,0.0,0.0,0.0,200
beta_0p50,beta,0.5,1.0,0.5,1.0,0.75,100.0,p100,auc,12.907058013365768,11.600813238345728,14.30039898519196,200
beta_0p50,beta,0.5,1.0,0.5,1.0,0.75,100.0,p100,final,12.925159003318477,11.623155067696974,14.319242647995228,200
beta_0p50,beta,0.5,1.0,0.5,1.0,0.75,100.0,p100_RelB,auc,2.2787773057284078,1.8963312401122057,2.741798845835264,200
beta_0p50,beta,0.5,1.0,0.5,1.0,0.75,100.0,p100_RelB,final,2.284092598708365,1.8890915639892905,2.768943455852731,200
beta_0p50,beta,0.5,1.0,0.5,1.0,0.75,100.0,p50_p65,auc,29.040825293536088,27.824156819333048,30.321694682454666,200
beta_0p50,beta,0.5,1.0,0.5,1.0,0.75,100.0,p50_p65,final,29.178994944716642,27.908790832171515,30.53890608432418,200
beta_0p50,beta,0.5,1.0,0.5,1.0,0.75,100.0,p52,auc,0.9050881079627926,0.6855574431582001,1.154039296601404,200
beta_0p50,beta,0.5,1.0,0.5,1.0,0.75,100.0,p52,final,0.8944584856171667,0.6724976205535724,1.1428765137114616,200
beta_0p75,beta,0.75,1.0,0.75,1.0,0.75,100.0,BAFF,auc,1.304935730551382,1.0177278710471007,1.6260500524154218,200
beta_0p75,beta,0.75,1.0,0.75,1.0,0.75,100.0,BAFF,final,1.271323209866737,0.9772863427620632,1.5808216586075277,200
beta_0p75,beta,0.75,1.0,0.75,1.0,0.75,100.0,BAFFR,auc,0.0,0.0,0.0,200
beta_0p75,beta,0.75,1.0,0.75,1.0,0.75,100.0,BAFFR,final,0.0,0.0,0.0,200
beta_0p75,beta,0.75,1.0,0.75,1.0,0.75,100.0,Btx,auc,0.0,0.0,0.0,200
beta_0p75,beta,0.75,1.0,0.75,1.0,0.75,100.0,Btx,final,0.0,0.0,0.0,200
beta_0p75,beta,0.75,1.0,0.75,1.0,0.75,100.0,CD40,auc,0.0,0.0,0.0,200
beta_0p75,beta,0.75,1.0,0.75,1.0,0.75,100.0,CD40,final,0.0,0.0,0.0,200
beta_0p75,beta,0.75,1.0,0.75,1.0,0.75,100.0,IKKa_noncanonical,auc,0.0,0.0,0.0,200
beta_0p75,beta,0.75,1.0,0.75,1.0,0.75,100.0,IKKa_noncanonical,final,0.0,0.0,0.0,200
beta_0p75,beta,0.75,1.0,0.75,1.0,0.75,100.0,IL1R,auc,0.0,0.0,0.0,200
beta_0p75,beta,0.75,1.0,0.75,1.0,0.75,100.0,IL1R,final,0.0,0.0,0.0,200
beta_0p75,beta,0.75,1.0,0.75,1.0,0.75,100.0,IkBa_release_signal,auc,23.476300090415602,21.929690946912753,25.096510270351406,200
beta_0p75,beta,0.75,1.0,0.75,1.0,0.75,100.0,IkBa_release_signal,final,23.590764484389158,22.02565005507833,25.13546571839026,200
beta_0p75,beta,0.75,1.0,0.75,1.0,0.75,100.0,LTB,auc,0.0,0.0,0.0,200
beta_0p75,beta,0.75,1.0,0.75,1.0,0.75,100.0,LTB,final,0.0,0.0,0.0,200
beta_0p75,beta,0.75,1.0,0.75,1.0,0.75,100.0,NEMO_IKKa_IKKb,auc,11.228271616154107,10.38725861694687,12.117561181489933,200
beta_0p75,beta,0.75,1.0,0.75,1.0,0.75,100.0,NEMO_IKKa_IKKb,final,11.263931493443247,10.390450966023932,12.1012981047838,200
beta_0p75,beta,0.75,1.0,0.75,1.0,0.75,100.0,NIK,auc,0.0,0.0,0.0,200
beta_0p75,beta,0.75,1.0,0.75,1.0,0.75,100.0,NIK,final,0.0,0.0,0.0,200
beta_0p75,beta,0.75,1.0,0.75,1.0,0.75,100.0,Phenotype_canonical,auc,8.16976550809948,7.105237659251332,9.288835249774294,200
beta_0p75,beta,0.75,1.0,0.75,1.0,0.75,100.0,Phenotype_canonical,final,7.711449758047218,6.638699577176867,8.899970438229754,200
beta_0p75,beta,0.75,1.0,0.75,1.0,0.75,100.0,Phenotype_noncanonical,auc,0.5106251522389305,0.37696689546348416,0.656411095289956,200
beta_0p75,beta,0.75,1.0,0.75,1.0,0.75,100.0,Phenotype_noncanonical,final,0.4651554304846317,0.3342125375152605,0.6121912677926917,200
beta_0p75,beta,0.75,1.0,0.75,1.0,0.75,100.0,TAK1_TAB,auc,0.0,0.0,0.0,200
beta_0p75,beta,0.75,1.0,0.75,1.0,0.75,100.0,TAK1_TAB,final,0.0,0.0,0.0,200
beta_0p75,beta,0.75,1.0,0.75,1.0,0.75,100.0,TNFR,auc,0.0,0.0,0.0,200
beta_0p75,beta,0.75,1.0,0.75,1.0,0.75,100.0,TNFR,final,0.0,0.0,0.0,200
beta_0p75,beta,0.75,1.0,0.75,1.0,0.75,100.0,TNFa,auc,12.873977464855912,11.44033121809012,14.415978241189649,200
beta_0p75,beta,0.75,1.0,0.75,1.0,0.75,100.0,TNFa,final,12.729437459037541,11.286760392976799,14.288535293740754,200
beta_0p75,beta,0.75,1.0,0.75,1.0,0.75,100.0,TRAF2_3,auc,0.0,0.0,0.0,200
beta_0p75,beta,0.75,1.0,0.75,1.0,0.75,100.0,TRAF2_3,final,0.0,0.0,0.0,200
beta_0p75,beta,0.75,1.0,0.75,1.0,0.75,100.0,TRAF2_5,auc,0.0,0.0,0.0,200
beta_0p75,beta,0.75,1.0,0.75,1.0,0.75,100.0,TRAF2_5,final,0.0,0.0,0.0,200
beta_0p75,beta,0.75,1.0,0.75,1.0,0.75,100.0,TRAF6,auc,0.0,0.0,0.0,200
beta_0p75,beta,0.75,1.0,0.75,1.0,0.75,100.0,TRAF6,final,0.0,0.0,0.0,200
beta_0p75,beta,0.75,1.0,0.75,1.0,0.75,100.0,p100,auc,21.861369205778658,20.01016007375972,23.801786894820307,200
beta_0p75,beta,0.75,1.0,0.75,1.0,0.75,100.0,p100,final,21.90288682242597,20.1112524496663,23.947152177605968,200
beta_0p75,beta,0.75,1.0,0.75,1.0,0.75,100.0,p100_RelB,auc,5.170744847559305,4.557311831542325,5.849343102760641,200
beta_0p75,beta,0.75,1.0,0.75,1.0,0.75,100.0,p100_RelB,final,5.196313940515962,4.5877825193906325,5.847881976324671,200
beta_0p75,beta,0.75,1.0,0.75,1.0,0.75,100.0,p50_p65,auc,38.41955796783259,36.96818478318211,39.907031588626175,200
beta_0p75,beta,0.75,1.0,0.75,1.0,0.75,100.0,p50_p65,final,38.5709143657877,37.22337671638297,40.06415114543357,200
beta_0p75,beta,0.75,1.0,0.75,1.0,0.75,100.0,p52,auc,2.6566633801947126,2.1887054796082213,3.1660918860094096,200
beta_0p75,beta,0.75,1.0,0.75,1.0,0.75,100.0,p52,final,2.6518341421264746,2.2049378827369708,3.1968625368151176,200
beta_1p25,beta,1.25,1.0,1.25,1.0,0.75,100.0,BAFF,auc,5.5212044838939045,4.709556083041568,6.2987711838238125,200
beta_1p25,beta,1.25,1.0,1.25,1.0,0.75,100.0,BAFF,final,5.508743653652449,4.755619396019997,6.310690457390179,200
beta_1p25,beta,1.25,1.0,1.25,1.0,0.75,100.0,BAFFR,auc,0.0,0.0,0.0,200
beta_1p25,beta,1.25,1.0,1.25,1.0,0.75,100.0,BAFFR,final,0.0,0.0,0.0,200
beta_1p25,beta,1.25,1.0,1.25,1.0,0.75,100.0,Btx,auc,0.0,0.0,0.0,200
beta_1p25,beta,1.25,1.0,1.25,1.0,0.75,100.0,Btx,final,0.0,0.0,0.0,200
beta_1p25,beta,1.25,1.0,1.25,1.0,0.75,100.0,CD40,auc,0.0,0.0,0.0,200
beta_1p25,beta,1.25,1.0,1.25,1.0,0.75,100.0,CD40,final,0.0,0.0,0.0,200
beta_1p25,beta,1.25,1.0,1.25,1.0,0.75,100.0,IKKa_noncanonical,auc,0.0,0.0,0.0,200
beta_1p25,beta,1.25,1.0,1.25,1.0,0.75,100.0,IKKa_noncanonical,final,0.0,0.0,0.0,200
beta_1p25,beta,1.25,1.0,1.25,1.0,0.75,100.0,IL1R,auc,0.0,0.0,0.0,200
beta_1p25,beta,1.25,1.0,1.25,1.0,0.75,100.0,IL1R,final,0.0,0.0,0.0,200
beta_1p25,beta,1.25,1.0,1.25,1.0,0.75,100.0,IkBa_release_signal,auc,32.73592545003433,30.62273675333973,34.97889622072002,200
beta_1p25,beta,1.25,1.0,1.25,1.0,0.75,100.0,IkBa_release_signal,final,32.83977580263059,30.752196653421894,34.934342904589435,200
beta_1p25,beta,1.25,1.0,1.25,1.0,0.75,100.0,LTB,auc,0.0,0.0,0.0,200
beta_1p25,beta,1.25,1.0,1.25,1.0,0.75,100.0,LTB,final,0.0,0.0,0.0,200
beta_1p25,beta,1.25,1.0,1.25,1.0,0.75,100.0,NEMO_IKKa_IKKb,auc,16.812847240695195,15.369216820973463,18.367459549770647,200
beta_1p25,beta,1.25,1.0,1.25,1.0,0.75,100.0,NEMO_IKKa_IKKb,final,16.872365230871257,15.410738227897536,18.378156320191568,200
beta_1p25,beta,1.25,1.0,1.25,1.0,0.75,100.0,NIK,auc,0.0,0.0,0.0,200
beta_1p25,beta,1.25,1.0,1.25,1.0,0.75,100.0,NIK,final,0.0,0.0,0.0,200
beta_1p25,beta,1.25,1.0,1.25,1.0,0.75,100.0,Phenotype_canonical,auc,21.41159183150878,19.64721550422997,23.300392765808905,200
beta_1p25,beta,1.25,1.0,1.25,1.0,0.75,100.0,Phenotype_canonical,final,20.81477849990112,18.96145494150383,22.624775349636817,200
beta_1p25,beta,1.25,1.0,1.25,1.0,0.75,100.0,Phenotype_noncanonical,auc,3.352041295637964,2.7948038459694926,3.9897838687955107,200
beta_1p25,beta,1.25,1.0,1.25,1.0,0.75,100.0,Phenotype_noncanonical,final,3.266536352741467,2.7390948373679707,3.8630508817773785,200
beta_1p25,beta,1.25,1.0,1.25,1.0,0.75,100.0,TAK1_TAB,auc,0.0,0.0,0.0,200
beta_1p25,beta,1.25,1.0,1.25,1.0,0.75,100.0,TAK1_TAB,final,0.0,0.0,0.0,200
beta_1p25,beta,1.25,1.0,1.25,1.0,0.75,100.0,TNFR,auc,0.0,0.0,0.0,200
beta_1p25,beta,1.25,1.0,1.25,1.0,0.75,100.0,TNFR,final,0.0,0.0,0.0,200
beta_1p25,beta,1.25,1.0,1.25,1.0,0.75,100.0,TNFa,auc,28.003144227246324,26.194279896004815,29.977033340897428,200
beta_1p25,beta,1.25,1.0,1.25,1.0,0.75,100.0,TNFa,final,27.873678900644283,25.94124842351115,29.98718689469943,200
beta_1p25,beta,1.25,1.0,1.25,1.0,0.75,100.0,TRAF2_3,auc,0.0,0.0,0.0,200
beta_1p25,beta,1.25,1.0,1.25,1.0,0.75,100.0,TRAF2_3,final,0.0,0.0,0.0,200
beta_1p25,beta,1.25,1.0,1.25,1.0,0.75,100.0,TRAF2_5,auc,0.0,0.0,0.0,200
beta_1p25,beta,1.25,1.0,1.25,1.0,0.75,100.0,TRAF2_5,final,0.0,0.0,0.0,200
beta_1p25,beta,1.25,1.0,1.25,1.0,0.75,100.0,TRAF6,auc,0.0,0.0,0.0,200
beta_1p25,beta,1.25,1.0,1.25,1.0,0.75,100.0,TRAF6,final,0.0,0.0,0.0,200
beta_1p25,beta,1.25,1.0,1.25,1.0,0.75,100.0,p100,auc,37.81902569578649,35.62815878245111,40.29213911891747,200
beta_1p25,beta,1.25,1.0,1.25,1.0,0.75,100.0,p100,final,37.878016543919365,35.734654287286446,40.207136866424236,200
beta_1p25,beta,1.25,1.0,1.25,1.0,0.75,100.0,p100_RelB,auc,11.724732755887146,10.660745604785506,12.88998558936109,200
beta_1p25,beta,1.25,1.0,1.25,1.0,0.75,100.0,p100_RelB,final,11.806940508909026,10.75107492513939,12.99573078423822,200
beta_1p25,beta,1.25,1.0,1.25,1.0,0.75,100.0,p50_p65,auc,51.01050165560645,49.49235890675812,52.68491911713618,200
beta_1p25,beta,1.25,1.0,1.25,1.0,0.75,100.0,p50_p65,final,51.162856585252634,49.57316468897659,52.772210527733904,200
beta_1p25,beta,1.25,1.0,1.25,1.0,0.75,100.0,p52,auc,8.341855832825228,7.325946712185561,9.533039101122736,200
beta_1p25,beta,1.25,1.0,1.25,1.0,0.75,100.0,p52,final,8.379490102389386,7.319754792397832,9.575603724374202,200
beta_1p50,beta,1.5,1.0,1.5,1.0,0.75,100.0,BAFF,auc,8.067064565489002,7.033574216083168,9.173547209723644,200
beta_1p50,beta,1.5,1.0,1.5,1.0,0.75,100.0,BAFF,final,8.083468216611212,7.087424235523173,9.147455019963187,200
beta_1p50,beta,1.5,1.0,1.5,1.0,0.75,100.0,BAFFR,auc,0.0,0.0,0.0,200
beta_1p50,beta,1.5,1.0,1.5,1.0,0.75,100.0,BAFFR,final,0.0,0.0,0.0,200
beta_1p50,beta,1.5,1.0,1.5,1.0,0.75,100.0,Btx,auc,0.0,0.0,0.0,200
beta_1p50,beta,1.5,1.0,1.5,1.0,0.75,100.0,Btx,final,0.0,0.0,0.0,200
beta_1p50,beta,1.5,1.0,1.5,1.0,0.75,100.0,CD40,auc,0.0,0.0,0.0,200
beta_1p50,beta,1.5,1.0,1.5,1.0,0.75,100.0,CD40,final,0.0,0.0,0.0,200
beta_1p50,beta,1.5,1.0,1.5,1.0,0.75,100.0,IKKa_noncanonical,auc,0.0,0.0,0.0,200
beta_1p50,beta,1.5,1.0,1.5,1.0,0.75,100.0,IKKa_noncanonical,final,0.0,0.0,0.0,200
beta_1p50,beta,1.5,1.0,1.5,1.0,0.75,100.0,IL1R,auc,0.0,0.0,0.0,200
beta_1p50,beta,1.5,1.0,1.5,1.0,0.75,100.0,IL1R,final,0.0,0.0,0.0,200
beta_1p50,beta,1.5,1.0,1.5,1.0,0.75,100.0,IkBa_release_signal,auc,36.09803640283181,33.6771509373877,38.45481056081871,200
beta_1p50,beta,1.5,1.0,1.5,1.0,0.75,100.0,IkBa_release_signal,final,36.19123472274388,33.82213857117252,38.60443822562386,200
beta_1p50,beta,1.5,1.0,1.5,1.0,0.75,100.0,LTB,auc,0.0,0.0,0.0,200
beta_1p50,beta,1.5,1.0,1.5,1.0,0.75,100.0,LTB,final,0.0,0.0,0.0,200
beta_1p50,beta,1.5,1.0,1.5,1.0,0.75,100.0,NEMO_IKKa_IKKb,auc,19.12339642621785,17.348905967105946,20.99413090582055,200
beta_1p50,beta,1.5,1.0,1.5,1.0,0.75,100.0,NEMO_IKKa_IKKb,final,19.193719217107763,17.418215551375084,21.01696717339246,200
beta_1p50,beta,1.5,1.0,1.5,1.0,0.75,100.0,NIK,auc,0.0,0.0,0.0,200
beta_1p50,beta,1.5,1.0,1.5,1.0,0.75,100.0,NIK,final,0.0,0.0,0.0,200
beta_1p50,beta,1.5,1.0,1.5,1.0,0.75,100.0,Phenotype_canonical,auc,28.927551394103258,27.01478197022208,31.171846838175046,200
beta_1p50,beta,1.5,1.0,1.5,1.0,0.75,100.0,Phenotype_canonical,final,28.387354822839573,26.38192128573363,30.45624322205419,200
beta_1p50,beta,1.5,1.0,1.5,1.0,0.75,100.0,Phenotype_noncanonical,auc,5.667315086543101,4.834456376816872,6.578092357836523,200
beta_1p50,beta,1.5,1.0,1.5,1.0,0.75,100.0,Phenotype_noncanonical,final,5.585478146389566,4.779604044286735,6.480057166966482,200
beta_1p50,beta,1.5,1.0,1.5,1.0,0.75,100.0,TAK1_TAB,auc,0.0,0.0,0.0,200
beta_1p50,beta,1.5,1.0,1.5,1.0,0.75,100.0,TAK1_TAB,final,0.0,0.0,0.0,200
beta_1p50,beta,1.5,1.0,1.5,1.0,0.75,100.0,TNFR,auc,0.0,0.0,0.0,200
beta_1p50,beta,1.5,1.0,1.5,1.0,0.75,100.0,TNFR,final,0.0,0.0,0.0,200
beta_1p50,beta,1.5,1.0,1.5,1.0,0.75,100.0,TNFa,auc,35.53400308684264,33.563699434749395,37.398434138829444,200
beta_1p50,beta,1.5,1.0,1.5,1.0,0.75,100.0,TNFa,final,35.44167042037949,33.62156584043504,37.52946960631223,200
beta_1p50,beta,1.5,1.0,1.5,1.0,0.75,100.0,TRAF2_3,auc,0.0,0.0,0.0,200
beta_1p50,beta,1.5,1.0,1.5,1.0,0.75,100.0,TRAF2_3,final,0.0,0.0,0.0,200
beta_1p50,beta,1.5,1.0,1.5,1.0,0.75,100.0,TRAF2_5,auc,0.0,0.0,0.0,200
beta_1p50,beta,1.5,1.0,1.5,1.0,0.75,100.0,TRAF2_5,final,0.0,0.0,0.0,200
beta_1p50,beta,1.5,1.0,1.5,1.0,0.75,100.0,TRAF6,auc,0.0,0.0,0.0,200
beta_1p50,beta,1.5,1.0,1.5,1.0,0.75,100.0,TRAF6,final,0.0,0.0,0.0,200
beta_1p50,beta,1.5,1.0,1.5,1.0,0.75,100.0,p100,auc,44.01634526317508,41.91665486657398,46.438452963360675,200
beta_1p50,beta,1.5,1.0,1.5,1.0,0.75,100.0,p100,final,44.08179941041293,41.96206397017287,46.529303038536355,200
beta_1p50,beta,1.5,1.0,1.5,1.0,0.75,100.0,p100_RelB,auc,13.793732149205319,12.57508039136314,15.126539347851836,200
beta_1p50,beta,1.5,1.0,1.5,1.0,0.75,100.0,p100_RelB,final,13.890789869807607,12.617112202936768,15.233713191503275,200
beta_1p50,beta,1.5,1.0,1.5,1.0,0.75,100.0,p50_p65,auc,54.99203749661401,53.39053133005148,56.61407002895587,200
beta_1p50,beta,1.5,1.0,1.5,1.0,0.75,100.0,p50_p65,final,55.13592055060473,53.574556166213256,56.861391177443096,200
beta_1p50,beta,1.5,1.0,1.5,1.0,0.75,100.0,p52,auc,11.01314280255713,9.684413319930691,12.511778526487209,200
beta_1p50,beta,1.5,1.0,1.5,1.0,0.75,100.0,p52,final,11.079899567224505,9.812358225751755,12.589647733631065,200
sigma_0p00,sigma,0.0,1.0,1.0,0.0,0.75,100.0,BAFF,auc,3.060877949824814,2.5500091106224647,3.6124937076357844,200
sigma_0p00,sigma,0.0,1.0,1.0,0.0,0.75,100.0,BAFF,final,3.034535065067989,2.5247906301459264,3.6099321125492723,200
sigma_0p00,sigma,0.0,1.0,1.0,0.0,0.75,100.0,BAFFR,auc,0.0,0.0,0.0,200
sigma_0p00,sigma,0.0,1.0,1.0,0.0,0.75,100.0,BAFFR,final,0.0,0.0,0.0,200
sigma_0p00,sigma,0.0,1.0,1.0,0.0,0.75,100.0,Btx,auc,0.0,0.0,0.0,200
sigma_0p00,sigma,0.0,1.0,1.0,0.0,0.75,100.0,Btx,final,0.0,0.0,0.0,200
sigma_0p00,sigma,0.0,1.0,1.0,0.0,0.75,100.0,CD40,auc,0.0,0.0,0.0,200
sigma_0p00,sigma,0.0,1.0,1.0,0.0,0.75,100.0,CD40,final,0.0,0.0,0.0,200
sigma_0p00,sigma,0.0,1.0,1.0,0.0,0.75,100.0,IKKa_noncanonical,auc,0.0,0.0,0.0,200
sigma_0p00,sigma,0.0,1.0,1.0,0.0,0.75,100.0,IKKa_noncanonical,final,0.0,0.0,0.0,200
sigma_0p00,sigma,0.0,1.0,1.0,0.0,0.75,100.0,IL1R,auc,0.0,0.0,0.0,200
sigma_0p00,sigma,0.0,1.0,1.0,0.0,0.75,100.0,IL1R,final,0.0,0.0,0.0,200
sigma_0p00,sigma,0.0,1.0,1.0,0.0,0.75,100.0,IkBa_release_signal,auc,28.569501312359602,26.718975566425403,30.468345136502123,200
sigma_0p00,sigma,0.0,1.0,1.0,0.0,0.75,100.0,IkBa_release_signal,final,28.690949696877144,26.894799321400324,30.601215627932138,200
sigma_0p00,sigma,0.0,1.0,1.0,0.0,0.75,100.0,LTB,auc,0.0,0.0,0.0,200
sigma_0p00,sigma,0.0,1.0,1.0,0.0,0.75,100.0,LTB,final,0.0,0.0,0.0,200
sigma_0p00,sigma,0.0,1.0,1.0,0.0,0.75,100.0,NEMO_IKKa_IKKb,auc,14.187490080136744,13.007909308262347,15.3449253951604,200
sigma_0p00,sigma,0.0,1.0,1.0,0.0,0.75,100.0,NEMO_IKKa_IKKb,final,14.241936153615386,13.091863351600233,15.467349662281682,200
sigma_0p00,sigma,0.0,1.0,1.0,0.0,0.75,100.0,NIK,auc,0.0,0.0,0.0,200
sigma_0p00,sigma,0.0,1.0,1.0,0.0,0.75,100.0,NIK,final,0.0,0.0,0.0,200
sigma_0p00,sigma,0.0,1.0,1.0,0.0,0.75,100.0,Phenotype_canonical,auc,14.214811816938134,12.75087458888174,15.701435254326013,200
sigma_0p00,sigma,0.0,1.0,1.0,0.0,0.75,100.0,Phenotype_canonical,final,13.660752229871253,12.210614125850112,15.233999492452963,200
sigma_0p00,sigma,0.0,1.0,1.0,0.0,0.75,100.0,Phenotype_noncanonical,auc,1.5447800998503292,1.2257277018345079,1.9279757044053862,200
sigma_0p00,sigma,0.0,1.0,1.0,0.0,0.75,100.0,Phenotype_noncanonical,final,1.4742406723964874,1.1777903283353628,1.8463252554782874,200
sigma_0p00,sigma,0.0,1.0,1.0,0.0,0.75,100.0,TAK1_TAB,auc,0.0,0.0,0.0,200
sigma_0p00,sigma,0.0,1.0,1.0,0.0,0.75,100.0,TAK1_TAB,final,0.0,0.0,0.0,200
sigma_0p00,sigma,0.0,1.0,1.0,0.0,0.75,100.0,TNFR,auc,0.0,0.0,0.0,200
sigma_0p00,sigma,0.0,1.0,1.0,0.0,0.75,100.0,TNFR,final,0.0,0.0,0.0,200
sigma_0p00,sigma,0.0,1.0,1.0,0.0,0.75,100.0,TNFa,auc,20.174582767950778,18.4775880599661,21.959526229793713,200
sigma_0p00,sigma,0.0,1.0,1.0,0.0,0.75,100.0,TNFa,final,20.02033196379166,18.285212094990694,21.928593302801225,200
sigma_0p00,sigma,0.0,1.0,1.0,0.0,0.75,100.0,TRAF2_3,auc,0.0,0.0,0.0,200
sigma_0p00,sigma,0.0,1.0,1.0,0.0,0.75,100.0,TRAF2_3,final,0.0,0.0,0.0,200
sigma_0p00,sigma,0.0,1.0,1.0,0.0,0.75,100.0,TRAF2_5,auc,0.0,0.0,0.0,200
sigma_0p00,sigma,0.0,1.0,1.0,0.0,0.75,100.0,TRAF2_5,final,0.0,0.0,0.0,200
sigma_0p00,sigma,0.0,1.0,1.0,0.0,0.75,100.0,TRAF6,auc,0.0,0.0,0.0,200
sigma_0p00,sigma,0.0,1.0,1.0,0.0,0.75,100.0,TRAF6,final,0.0,0.0,0.0,200
sigma_0p00,sigma,0.0,1.0,1.0,0.0,0.75,100.0,p100,auc,30.35577045846255,28.255003342606745,32.65695268687802,200
sigma_0p00,sigma,0.0,1.0,1.0,0.0,0.75,100.0,p100,final,30.403193151264286,28.322573546650258,32.75599337142131,200
sigma_0p00,sigma,0.0,1.0,1.0,0.0,0.75,100.0,p100_RelB,auc,8.623679862481747,7.769990801413378,9.48809931932278,200
sigma_0p00,sigma,0.0,1.0,1.0,0.0,0.75,100.0,p100_RelB,final,8.680953138373004,7.818247015869577,9.587091134622549,200
sigma_0p00,sigma,0.0,1.0,1.0,0.0,0.75,100.0,p50_p65,auc,45.61461466816513,44.16713977312852,47.19255243382034,200
sigma_0p00,sigma,0.0,1.0,1.0,0.0,0.75,100.0,p50_p65,final,45.75400041363501,44.27839440193979,47.136243279877874,200
sigma_0p00,sigma,0.0,1.0,1.0,0.0,0.75,100.0,p52,auc,5.293787201628108,4.56565956386445,6.113693742759317,200
sigma_0p00,sigma,0.0,1.0,1.0,0.0,0.75,100.0,p52,final,5.315256094576826,4.611505202786608,6.066974920013526,200
sigma_10p00,sigma,10.0,1.0,1.0,10.0,0.75,100.0,BAFF,auc,3.0766378004614237,2.5782712608220963,3.6114862377608614,200
sigma_10p00,sigma,10.0,1.0,1.0,10.0,0.75,100.0,BAFF,final,3.0239482311058663,2.521868218980052,3.566656717823057,200
sigma_10p00,sigma,10.0,1.0,1.0,10.0,0.75,100.0,BAFFR,auc,0.0,0.0,0.0,200
sigma_10p00,sigma,10.0,1.0,1.0,10.0,0.75,100.0,BAFFR,final,0.0,0.0,0.0,200
sigma_10p00,sigma,10.0,1.0,1.0,10.0,0.75,100.0,Btx,auc,0.0,0.0,0.0,200
sigma_10p00,sigma,10.0,1.0,1.0,10.0,0.75,100.0,Btx,final,0.0,0.0,0.0,200
sigma_10p00,sigma,10.0,1.0,1.0,10.0,0.75,100.0,CD40,auc,0.0,0.0,0.0,200
sigma_10p00,sigma,10.0,1.0,1.0,10.0,0.75,100.0,CD40,final,0.0,0.0,0.0,200
sigma_10p00,sigma,10.0,1.0,1.0,10.0,0.75,100.0,IKKa_noncanonical,auc,0.0,0.0,0.0,200
sigma_10p00,sigma,10.0,1.0,1.0,10.0,0.75,100.0,IKKa_noncanonical,final,0.0,0.0,0.0,200
sigma_10p00,sigma,10.0,1.0,1.0,10.0,0.75,100.0,IL1R,auc,0.0,0.0,0.0,200
sigma_10p00,sigma,10.0,1.0,1.0,10.0,0.75,100.0,IL1R,final,0.0,0.0,0.0,200
sigma_10p00,sigma,10.0,1.0,1.0,10.0,0.75,100.0,IkBa_release_signal,auc,28.56043885909665,26.748422119863438,30.47650888220378,200
sigma_10p00,sigma,10.0,1.0,1.0,10.0,0.75,100.0,IkBa_release_signal,final,28.57512503013725,26.63318959489696,30.446650587738237,200
sigma_10p00,sigma,10.0,1.0,1.0,10.0,0.75,100.0,LTB,auc,0.0,0.0,0.0,200
sigma_10p00,sigma,10.0,1.0,1.0,10.0,0.75,100.0,LTB,final,0.0,0.0,0.0,200
sigma_10p00,sigma,10.0,1.0,1.0,10.0,0.75,100.0,NEMO_IKKa_IKKb,auc,14.194275675701618,13.045879835745254,15.347285403129298,200
sigma_10p00,sigma,10.0,1.0,1.0,10.0,0.75,100.0,NEMO_IKKa_IKKb,final,14.186743864392037,13.031135319243395,15.319655797111112,200
sigma_10p00,sigma,10.0,1.0,1.0,10.0,0.75,100.0,NIK,auc,0.0,0.0,0.0,200
sigma_10p00,sigma,10.0,1.0,1.0,10.0,0.75,100.0,NIK,final,0.0,0.0,0.0,200
sigma_10p00,sigma,10.0,1.0,1.0,10.0,0.75,100.0,Phenotype_canonical,auc,14.241249637693654,12.767051497658722,15.741427257821206,200
sigma_10p00,sigma,10.0,1.0,1.0,10.0,0.75,100.0,Phenotype_canonical,final,13.501262474602537,12.10128330491531,15.11427918599489,200
sigma_10p00,sigma,10.0,1.0,1.0,10.0,0.75,100.0,Phenotype_noncanonical,auc,1.5458425912274198,1.2426999587322185,1.9190868038959585,200
sigma_10p00,sigma,10.0,1.0,1.0,10.0,0.75,100.0,Phenotype_noncanonical,final,1.4860064152755537,1.1609121229722041,1.8437035826881158,200
sigma_10p00,sigma,10.0,1.0,1.0,10.0,0.75,100.0,TAK1_TAB,auc,0.0,0.0,0.0,200
sigma_10p00,sigma,10.0,1.0,1.0,10.0,0.75,100.0,TAK1_TAB,final,0.0,0.0,0.0,200
sigma_10p00,sigma,10.0,1.0,1.0,10.0,0.75,100.0,TNFR,auc,0.0,0.0,0.0,200
sigma_10p00,sigma,10.0,1.0,1.0,10.0,0.75,100.0,TNFR,final,0.0,0.0,0.0,200
sigma_10p00,sigma,10.0,1.0,1.0,10.0,0.75,100.0,TNFa,auc,20.190127906293043,18.56845496164398,22.06369897409396,200
sigma_10p00,sigma,10.0,1.0,1.0,10.0,0.75,100.0,TNFa,final,20.06377219000377,18.298469420764494,21.929108294065326,200
sigma_10p00,sigma,10.0,1.0,1.0,10.0,0.75,100.0,TRAF2_3,auc,0.0,0.0,0.0,200
sigma_10p00,sigma,10.0,1.0,1.0,10.0,0.75,100.0,TRAF2_3,final,0.0,0.0,0.0,200
sigma_10p00,sigma,10.0,1.0,1.0,10.0,0.75,100.0,TRAF2_5,auc,0.0,0.0,0.0,200
sigma_10p00,sigma,10.0,1.0,1.0,10.0,0.75,100.0,TRAF2_5,final,0.0,0.0,0.0,200
sigma_10p00,sigma,10.0,1.0,1.0,10.0,0.75,100.0,TRAF6,auc,0.0,0.0,0.0,200
sigma_10p00,sigma,10.0,1.0,1.0,10.0,0.75,100.0,TRAF6,final,0.0,0.0,0.0,200
sigma_10p00,sigma,10.0,1.0,1.0,10.0,0.75,100.0,p100,auc,30.39575556699302,28.32182808115927,32.66192662604762,200
sigma_10p00,sigma,10.0,1.0,1.0,10.0,0.75,100.0,p100,final,30.532413475199384,28.397380941548416,32.7988083143756,200
sigma_10p00,sigma,10.0,1.0,1.0,10.0,0.75,100.0,p100_RelB,auc,8.629687907358319,7.807274374800152,9.552008476382804,200
sigma_10p00,sigma,10.0,1.0,1.0,10.0,0.75,100.0,p100_RelB,final,8.674833626490663,7.74826881024079,9.585839744770023,200
sigma_10p00,sigma,10.0,1.0,1.0,10.0,0.75,100.0,p50_p65,auc,45.634252850593015,44.12398651149122,47.19707328895186,200
sigma_10p00,sigma,10.0,1.0,1.0,10.0,0.75,100.0,p50_p65,final,45.932891466793194,44.47844167146748,47.44470920545266,200
sigma_10p00,sigma,10.0,1.0,1.0,10.0,0.75,100.0,p52,auc,5.319340290340735,4.594661595421794,6.173053656121826,200
sigma_10p00,sigma,10.0,1.0,1.0,10.0,0.75,100.0,p52,final,5.226581170622868,4.5068269284152835,6.014186924615161,200
sigma_30p00,sigma,30.0,1.0,1.0,30.0,0.75,100.0,BAFF,auc,3.141237028929589,2.648816364085698,3.699700831231899,200
sigma_30p00,sigma,30.0,1.0,1.0,30.0,0.75,100.0,BAFF,final,3.035981873186122,2.4721651998153864,3.6393363007346906,200
sigma_30p00,sigma,30.0,1.0,1.0,30.0,0.75,100.0,BAFFR,auc,0.0,0.0,0.0,200
sigma_30p00,sigma,30.0,1.0,1.0,30.0,0.75,100.0,BAFFR,final,0.0,0.0,0.0,200
sigma_30p00,sigma,30.0,1.0,1.0,30.0,0.75,100.0,Btx,auc,0.0,0.0,0.0,200
sigma_30p00,sigma,30.0,1.0,1.0,30.0,0.75,100.0,Btx,final,0.0,0.0,0.0,200
sigma_30p00,sigma,30.0,1.0,1.0,30.0,0.75,100.0,CD40,auc,0.0,0.0,0.0,200
sigma_30p00,sigma,30.0,1.0,1.0,30.0,0.75,100.0,CD40,final,0.0,0.0,0.0,200
sigma_30p00,sigma,30.0,1.0,1.0,30.0,0.75,100.0,IKKa_noncanonical,auc,0.0,0.0,0.0,200
sigma_30p00,sigma,30.0,1.0,1.0,30.0,0.75,100.0,IKKa_noncanonical,final,0.0,0.0,0.0,200
sigma_30p00,sigma,30.0,1.0,1.0,30.0,0.75,100.0,IL1R,auc,0.0,0.0,0.0,200
sigma_30p00,sigma,30.0,1.0,1.0,30.0,0.75,100.0,IL1R,final,0.0,0.0,0.0,200
sigma_30p00,sigma,30.0,1.0,1.0,30.0,0.75,100.0,IkBa_release_signal,auc,28.609554144048467,26.843873281151026,30.416235380089805,200
sigma_30p00,sigma,30.0,1.0,1.0,30.0,0.75,100.0,IkBa_release_signal,final,28.380349948085716,26.3702711464546,30.544459058888098,200
sigma_30p00,sigma,30.0,1.0,1.0,30.0,0.75,100.0,LTB,auc,0.0,0.0,0.0,200
sigma_30p00,sigma,30.0,1.0,1.0,30.0,0.75,100.0,LTB,final,0.0,0.0,0.0,200
sigma_30p00,sigma,30.0,1.0,1.0,30.0,0.75,100.0,NEMO_IKKa_IKKb,auc,14.229183501139875,13.03315582036289,15.434557680477614,200
sigma_30p00,sigma,30.0,1.0,1.0,30.0,0.75,100.0,NEMO_IKKa_IKKb,final,14.124348549042509,12.951227344767517,15.285574858406868,200
sigma_30p00,sigma,30.0,1.0,1.0,30.0,0.75,100.0,NIK,auc,0.0,0.0,0.0,200
sigma_30p00,sigma,30.0,1.0,1.0,30.0,0.75,100.0,NIK,final,0.0,0.0,0.0,200
sigma_30p00,sigma,30.0,1.0,1.0,30.0,0.75,100.0,Phenotype_canonical,auc,14.320540371365798,12.863803670244812,15.911823110693051,200
sigma_30p00,sigma,30.0,1.0,1.0,30.0,0.75,100.0,Phenotype_canonical,final,13.415558293644281,11.516288832462177,15.36560768242871,200
sigma_30p00,sigma,30.0,1.0,1.0,30.0,0.75,100.0,Phenotype_noncanonical,auc,1.5915658249592735,1.2740012495493387,1.950275822851198,200
sigma_30p00,sigma,30.0,1.0,1.0,30.0,0.75,100.0,Phenotype_noncanonical,final,1.518238743841993,1.1555231661355099,1.9075499836254122,200
sigma_30p00,sigma,30.0,1.0,1.0,30.0,0.75,100.0,TAK1_TAB,auc,0.0,0.0,0.0,200
sigma_30p00,sigma,30.0,1.0,1.0,30.0,0.75,100.0,TAK1_TAB,final,0.0,0.0,0.0,200
sigma_30p00,sigma,30.0,1.0,1.0,30.0,0.75,100.0,TNFR,auc,0.0,0.0,0.0,200
sigma_30p00,sigma,30.0,1.0,1.0,30.0,0.75,100.0,TNFR,final,0.0,0.0,0.0,200
sigma_30p00,sigma,30.0,1.0,1.0,30.0,0.75,100.0,TNFa,auc,20.270704515140757,18.56736209024934,22.091088367924115,200
sigma_30p00,sigma,30.0,1.0,1.0,30.0,0.75,100.0,TNFa,final,19.966435339431143,17.989531374097048,22.10209775056799,200
sigma_30p00,sigma,30.0,1.0,1.0,30.0,0.75,100.0,TRAF2_3,auc,0.0,0.0,0.0,200
sigma_30p00,sigma,30.0,1.0,1.0,30.0,0.75,100.0,TRAF2_3,final,0.0,0.0,0.0,200
sigma_30p00,sigma,30.0,1.0,1.0,30.0,0.75,100.0,TRAF2_5,auc,0.0,0.0,0.0,200
sigma_30p00,sigma,30.0,1.0,1.0,30.0,0.75,100.0,TRAF2_5,final,0.0,0.0,0.0,200
sigma_30p00,sigma,30.0,1.0,1.0,30.0,0.75,100.0,TRAF6,auc,0.0,0.0,0.0,200
sigma_30p00,sigma,30.0,1.0,1.0,30.0,0.75,100.0,TRAF6,final,0.0,0.0,0.0,200
sigma_30p00,sigma,30.0,1.0,1.0,30.0,0.75,100.0,p100,auc,30.432929358255024,28.363644087774453,32.65028103391224,200
sigma_30p00,sigma,30.0,1.0,1.0,30.0,0.75,100.0,p100,final,30.871436162671408,28.604632636236722,33.42760770902948,200
sigma_30p00,sigma,30.0,1.0,1.0,30.0,0.75,100.0,p100_RelB,auc,8.641071208256957,7.793037066592259,9.57412447275629,200
sigma_30p00,sigma,30.0,1.0,1.0,30.0,0.75,100.0,p100_RelB,final,8.6843205303886,7.765616369907472,9.69585610771225,200
sigma_30p00,sigma,30.0,1.0,1.0,30.0,0.75,100.0,p50_p65,auc,45.71477384029785,44.224848639706394,47.226145775813585,200
sigma_30p00,sigma,30.0,1.0,1.0,30.0,0.75,100.0,p50_p65,final,46.24487887190705,44.54426341123086,47.930160534981226,200
sigma_30p00,sigma,30.0,1.0,1.0,30.0,0.75,100.0,p52,auc,5.420627557791324,4.684738933842519,6.257607333845053,200
sigma_30p00,sigma,30.0,1.0,1.0,30.0,0.75,100.0,p52,final,5.11057049596536,4.408348545240795,5.83209569037386,200
sigma_70p00,sigma,70.0,1.0,1.0,70.0,0.75,100.0,BAFF,auc,3.5017996416503827,2.974036675118872,4.139267712401952,200
sigma_70p00,sigma,70.0,1.0,1.0,70.0,0.75,100.0,BAFF,final,3.0368052938420376,2.3120931565538503,3.895038990509338,200
sigma_70p00,sigma,70.0,1.0,1.0,70.0,0.75,100.0,BAFFR,auc,0.0,0.0,0.0,200
sigma_70p00,sigma,70.0,1.0,1.0,70.0,0.75,100.0,BAFFR,final,0.0,0.0,0.0,200
sigma_70p00,sigma,70.0,1.0,1.0,70.0,0.75,100.0,Btx,auc,0.0,0.0,0.0,200
sigma_70p00,sigma,70.0,1.0,1.0,70.0,0.75,100.0,Btx,final,0.0,0.0,0.0,200
sigma_70p00,sigma,70.0,1.0,1.0,70.0,0.75,100.0,CD40,auc,0.0,0.0,0.0,200
sigma_70p00,sigma,70.0,1.0,1.0,70.0,0.75,100.0,CD40,final,0.0,0.0,0.0,200
sigma_70p00,sigma,70.0,1.0,1.0,70.0,0.75,100.0,IKKa_noncanonical,auc,0.0,0.0,0.0,200
sigma_70p00,sigma,70.0,1.0,1.0,70.0,0.75,100.0,IKKa_noncanonical,final,0.0,0.0,0.0,200
sigma_70p00,sigma,70.0,1.0,1.0,70.0,0.75,100.0,IL1R,auc,0.0,0.0,0.0,200
sigma_70p00,sigma,70.0,1.0,1.0,70.0,0.75,100.0,IL1R,final,0.0,0.0,0.0,200
sigma_70p00,sigma,70.0,1.0,1.0,70.0,0.75,100.0,IkBa_release_signal,auc,28.934200768851724,27.028108376108968,30.847101138679502,200
sigma_70p00,sigma,70.0,1.0,1.0,70.0,0.75,100.0,IkBa_release_signal,final,28.083903121340047,25.700934918270487,30.65274128584819,200
sigma_70p00,sigma,70.0,1.0,1.0,70.0,0.75,100.0,LTB,auc,0.0,0.0,0.0,200
sigma_70p00,sigma,70.0,1.0,1.0,70.0,0.75,100.0,LTB,final,0.0,0.0,0.0,200
sigma_70p00,sigma,70.0,1.0,1.0,70.0,0.75,100.0,NEMO_IKKa_IKKb,auc,14.363377862287575,13.113865609602874,15.557681317749081,200
sigma_70p00,sigma,70.0,1.0,1.0,70.0,0.75,100.0,NEMO_IKKa_IKKb,final,14.142147364756518,12.854955378428132,15.48183176327574,200
sigma_70p00,sigma,70.0,1.0,1.0,70.0,0.75,100.0,NIK,auc,0.0,0.0,0.0,200
sigma_70p00,sigma,70.0,1.0,1.0,70.0,0.75,100.0,NIK,final,0.0,0.0,0.0,200
sigma_70p00,sigma,70.0,1.0,1.0,70.0,0.75,100.0,Phenotype_canonical,auc,14.38293005772211,12.796234908921779,16.157620155991218,200
sigma_70p00,sigma,70.0,1.0,1.0,70.0,0.75,100.0,Phenotype_canonical,final,14.008358943409338,11.0708560985491,17.478932426083063,200
sigma_70p00,sigma,70.0,1.0,1.0,70.0,0.75,100.0,Phenotype_noncanonical,auc,1.8398829521825033,1.4729356700038272,2.264368281487687,200
sigma_70p00,sigma,70.0,1.0,1.0,70.0,0.75,100.0,Phenotype_noncanonical,final,1.829318832277882,1.2374562947175334,2.5073266511665633,200
sigma_70p00,sigma,70.0,1.0,1.0,70.0,0.75,100.0,TAK1_TAB,auc,0.0,0.0,0.0,200
sigma_70p00,sigma,70.0,1.0,1.0,70.0,0.75,100.0,TAK1_TAB,final,0.0,0.0,0.0,200
sigma_70p00,sigma,70.0,1.0,1.0,70.0,0.75,100.0,TNFR,auc,0.0,0.0,0.0,200
sigma_70p00,sigma,70.0,1.0,1.0,70.0,0.75,100.0,TNFR,final,0.0,0.0,0.0,200
sigma_70p00,sigma,70.0,1.0,1.0,70.0,0.75,100.0,TNFa,auc,20.774992338515275,18.95020758284606,22.784243938536367,200
sigma_70p00,sigma,70.0,1.0,1.0,70.0,0.75,100.0,TNFa,final,19.788272806693453,16.827640519179695,23.036863868509258,200
sigma_70p00,sigma,70.0,1.0,1.0,70.0,0.75,100.0,TRAF2_3,auc,0.0,0.0,0.0,200
sigma_70p00,sigma,70.0,1.0,1.0,70.0,0.75,100.0,TRAF2_3,final,0.0,0.0,0.0,200
sigma_70p00,sigma,70.0,1.0,1.0,70.0,0.75,100.0,TRAF2_5,auc,0.0,0.0,0.0,200
sigma_70p00,sigma,70.0,1.0,1.0,70.0,0.75,100.0,TRAF2_5,final,0.0,0.0,0.0,200
sigma_70p00,sigma,70.0,1.0,1.0,70.0,0.75,100.0,TRAF6,auc,0.0,0.0,0.0,200
sigma_70p00,sigma,70.0,1.0,1.0,70.0,0.75,100.0,TRAF6,final,0.0,0.0,0.0,200
sigma_70p00,sigma,70.0,1.0,1.0,70.0,0.75,100.0,p100,auc,30.515655679287555,28.558635290867347,32.72937561690047,200
sigma_70p00,sigma,70.0,1.0,1.0,70.0,0.75,100.0,p100,final,31.528655907780625,28.563599590258715,34.89231931415377,200
sigma_70p00,sigma,70.0,1.0,1.0,70.0,0.75,100.0,p100_RelB,auc,8.736146327463423,7.895828371253617,9.612528825218263,200
sigma_70p00,sigma,70.0,1.0,1.0,70.0,0.75,100.0,p100_RelB,final,8.775890747938531,7.627577269483682,10.050080041241825,200
sigma_70p00,sigma,70.0,1.0,1.0,70.0,0.75,100.0,p50_p65,auc,46.051893869684946,44.56746738011128,47.581309431058756,200
sigma_70p00,sigma,70.0,1.0,1.0,70.0,0.75,100.0,p50_p65,final,46.32399495808098,43.9468548858168,48.70218988639673,200
sigma_70p00,sigma,70.0,1.0,1.0,70.0,0.75,100.0,p52,auc,5.817108209287214,5.138191738833029,6.621697173595956,200
sigma_70p00,sigma,70.0,1.0,1.0,70.0,0.75,100.0,p52,final,5.277301608490448,4.404592163562498,6.251927163240556,200
r_0p500,r,0.5,1.0,1.0,1.0,0.5,100.0,BAFF,auc,2.9130616911656415,2.4438891408726375,3.436422865422734,200
r_0p500,r,0.5,1.0,1.0,1.0,0.5,100.0,BAFF,final,2.887127673238954,2.4378900880460015,3.397360146615323,200
r_0p500,r,0.5,1.0,1.0,1.0,0.5,100.0,BAFFR,auc,0.0,0.0,0.0,200
r_0p500,r,0.5,1.0,1.0,1.0,0.5,100.0,BAFFR,final,0.0,0.0,0.0,200
r_0p500,r,0.5,1.0,1.0,1.0,0.5,100.0,Btx,auc,0.0,0.0,0.0,200
r_0p500,r,0.5,1.0,1.0,1.0,0.5,100.0,Btx,final,0.0,0.0,0.0,200
r_0p500,r,0.5,1.0,1.0,1.0,0.5,100.0,CD40,auc,0.0,0.0,0.0,200
r_0p500,r,0.5,1.0,1.0,1.0,0.5,100.0,CD40,final,0.0,0.0,0.0,200
r_0p500,r,0.5,1.0,1.0,1.0,0.5,100.0,IKKa_noncanonical,auc,0.0,0.0,0.0,200
r_0p500,r,0.5,1.0,1.0,1.0,0.5,100.0,IKKa_noncanonical,final,0.0,0.0,0.0,200
r_0p500,r,0.5,1.0,1.0,1.0,0.5,100.0,IL1R,auc,0.0,0.0,0.0,200
r_0p500,r,0.5,1.0,1.0,1.0,0.5,100.0,IL1R,final,0.0,0.0,0.0,200
r_0p500,r,0.5,1.0,1.0,1.0,0.5,100.0,IkBa_release_signal,auc,28.604913623813033,26.734255225277977,30.497545065252012,200
r_0p500,r,0.5,1.0,1.0,1.0,0.5,100.0,IkBa_release_signal,final,28.7166308745331,26.89590532347411,30.664043567597453,200
r_0p500,r,0.5,1.0,1.0,1.0,0.5,100.0,LTB,auc,0.0,0.0,0.0,200
r_0p500,r,0.5,1.0,1.0,1.0,0.5,100.0,LTB,final,0.0,0.0,0.0,200
r_0p500,r,0.5,1.0,1.0,1.0,0.5,100.0,NEMO_IKKa_IKKb,auc,14.232992248738874,13.029598285077064,15.435648644961493,200
r_0p500,r,0.5,1.0,1.0,1.0,0.5,100.0,NEMO_IKKa_IKKb,final,14.281287660334508,13.092150589969094,15.51992006153453,200
r_0p500,r,0.5,1.0,1.0,1.0,0.5,100.0,NIK,auc,0.0,0.0,0.0,200
r_0p500,r,0.5,1.0,1.0,1.0,0.5,100.0,NIK,final,0.0,0.0,0.0,200
r_0p500,r,0.5,1.0,1.0,1.0,0.5,100.0,Phenotype_canonical,auc,13.14239034804956,11.835895820202905,14.557164026014211,200
r_0p500,r,0.5,1.0,1.0,1.0,0.5,100.0,Phenotype_canonical,final,12.605012702898478,11.343725204498453,14.13249697459104,200
r_0p500,r,0.5,1.0,1.0,1.0,0.5,100.0,Phenotype_noncanonical,auc,1.5074328839680629,1.2187294951635386,1.859161640264304,200
r_0p500,r,0.5,1.0,1.0,1.0,0.5,100.0,Phenotype_noncanonical,final,1.4430655572081563,1.1382495761062734,1.806016092342898,200
r_0p500,r,0.5,1.0,1.0,1.0,0.5,100.0,TAK1_TAB,auc,0.0,0.0,0.0,200
r_0p500,r,0.5,1.0,1.0,1.0,0.5,100.0,TAK1_TAB,final,0.0,0.0,0.0,200
r_0p500,r,0.5,1.0,1.0,1.0,0.5,100.0,TNFR,auc,0.0,0.0,0.0,200
r_0p500,r,0.5,1.0,1.0,1.0,0.5,100.0,TNFR,final,0.0,0.0,0.0,200
r_0p500,r,0.5,1.0,1.0,1.0,0.5,100.0,TNFa,auc,18.43687079447751,16.849602905125508,20.071281066095732,200
r_0p500,r,0.5,1.0,1.0,1.0,0.5,100.0,TNFa,final,18.292596087134207,16.74623004870736,20.01633484543411,200
r_0p500,r,0.5,1.0,1.0,1.0,0.5,100.0,TRAF2_3,auc,0.0,0.0,0.0,200
r_0p500,r,0.5,1.0,1.0,1.0,0.5,100.0,TRAF2_3,final,0.0,0.0,0.0,200
r_0p500,r,0.5,1.0,1.0,1.0,0.5,100.0,TRAF2_5,auc,0.0,0.0,0.0,200
r_0p500,r,0.5,1.0,1.0,1.0,0.5,100.0,TRAF2_5,final,0.0,0.0,0.0,200
r_0p500,r,0.5,1.0,1.0,1.0,0.5,100.0,TRAF6,auc,0.0,0.0,0.0,200
r_0p500,r,0.5,1.0,1.0,1.0,0.5,100.0,TRAF6,final,0.0,0.0,0.0,200
r_0p500,r,0.5,1.0,1.0,1.0,0.5,100.0,p100,auc,27.44388884145814,25.61343200745305,29.50717653183638,200
r_0p500,r,0.5,1.0,1.0,1.0,0.5,100.0,p100,final,27.482576460747808,25.543681010537092,29.627999887310477,200
r_0p500,r,0.5,1.0,1.0,1.0,0.5,100.0,p100_RelB,auc,7.920430776471433,7.114363512605567,8.781575535417735,200
r_0p500,r,0.5,1.0,1.0,1.0,0.5,100.0,p100_RelB,final,7.97172473756711,7.220353041517046,8.795447076912069,200
r_0p500,r,0.5,1.0,1.0,1.0,0.5,100.0,p50_p65,auc,40.51995715472218,39.028090015284306,42.17847706847599,200
r_0p500,r,0.5,1.0,1.0,1.0,0.5,100.0,p50_p65,final,40.648672954078116,39.16381816862401,42.17824180501392,200
r_0p500,r,0.5,1.0,1.0,1.0,0.5,100.0,p52,auc,4.970795530400007,4.306711966052396,5.751698948571432,200
r_0p500,r,0.5,1.0,1.0,1.0,0.5,100.0,p52,final,4.981393777400756,4.291401973496237,5.717697894980172,200
r_0p625,r,0.625,1.0,1.0,1.0,0.625,100.0,BAFF,auc,2.980621352624424,2.500065234332442,3.5370286968292395,200
r_0p625,r,0.625,1.0,1.0,1.0,0.625,100.0,BAFF,final,2.953306158848523,2.484942445500525,3.4749548529925383,200
r_0p625,r,0.625,1.0,1.0,1.0,0.625,100.0,BAFFR,auc,0.0,0.0,0.0,200
r_0p625,r,0.625,1.0,1.0,1.0,0.625,100.0,BAFFR,final,0.0,0.0,0.0,200
r_0p625,r,0.625,1.0,1.0,1.0,0.625,100.0,Btx,auc,0.0,0.0,0.0,200
r_0p625,r,0.625,1.0,1.0,1.0,0.625,100.0,Btx,final,0.0,0.0,0.0,200
r_0p625,r,0.625,1.0,1.0,1.0,0.625,100.0,CD40,auc,0.0,0.0,0.0,200
r_0p625,r,0.625,1.0,1.0,1.0,0.625,100.0,CD40,final,0.0,0.0,0.0,200
r_0p625,r,0.625,1.0,1.0,1.0,0.625,100.0,IKKa_noncanonical,auc,0.0,0.0,0.0,200
r_0p625,r,0.625,1.0,1.0,1.0,0.625,100.0,IKKa_noncanonical,final,0.0,0.0,0.0,200
r_0p625,r,0.625,1.0,1.0,1.0,0.625,100.0,IL1R,auc,0.0,0.0,0.0,200
r_0p625,r,0.625,1.0,1.0,1.0,0.625,100.0,IL1R,final,0.0,0.0,0.0,200
r_0p625,r,0.625,1.0,1.0,1.0,0.625,100.0,IkBa_release_signal,auc,28.587216459374577,26.73183670271142,30.489631606935944,200
r_0p625,r,0.625,1.0,1.0,1.0,0.625,100.0,IkBa_release_signal,final,28.69881803504085,26.790557088628304,30.635278279817392,200
r_0p625,r,0.625,1.0,1.0,1.0,0.625,100.0,LTB,auc,0.0,0.0,0.0,200
r_0p625,r,0.625,1.0,1.0,1.0,0.625,100.0,LTB,final,0.0,0.0,0.0,200
r_0p625,r,0.625,1.0,1.0,1.0,0.625,100.0,NEMO_IKKa_IKKb,auc,14.21165404161041,13.017835424548947,15.367351504937409,200
r_0p625,r,0.625,1.0,1.0,1.0,0.625,100.0,NEMO_IKKa_IKKb,final,14.259712981387684,13.063825257043035,15.423280943536378,200
r_0p625,r,0.625,1.0,1.0,1.0,0.625,100.0,NIK,auc,0.0,0.0,0.0,200
r_0p625,r,0.625,1.0,1.0,1.0,0.625,100.0,NIK,final,0.0,0.0,0.0,200
r_0p625,r,0.625,1.0,1.0,1.0,0.625,100.0,Phenotype_canonical,auc,13.62536133814386,12.287017018160666,15.18699219451022,200
r_0p625,r,0.625,1.0,1.0,1.0,0.625,100.0,Phenotype_canonical,final,13.069726409758452,11.737833766144075,14.576842814040672,200
r_0p625,r,0.625,1.0,1.0,1.0,0.625,100.0,Phenotype_noncanonical,auc,1.5248479743856014,1.216923177099642,1.8617752258443718,200
r_0p625,r,0.625,1.0,1.0,1.0,0.625,100.0,Phenotype_noncanonical,final,1.458591005300247,1.167048183623196,1.8124385052467284,200
r_0p625,r,0.625,1.0,1.0,1.0,0.625,100.0,TAK1_TAB,auc,0.0,0.0,0.0,200
r_0p625,r,0.625,1.0,1.0,1.0,0.625,100.0,TAK1_TAB,final,0.0,0.0,0.0,200
r_0p625,r,0.625,1.0,1.0,1.0,0.625,100.0,TNFR,auc,0.0,0.0,0.0,200
r_0p625,r,0.625,1.0,1.0,1.0,0.625,100.0,TNFR,final,0.0,0.0,0.0,200
r_0p625,r,0.625,1.0,1.0,1.0,0.625,100.0,TNFa,auc,19.212703483228943,17.600360554738405,20.969895282154788,200
r_0p625,r,0.625,1.0,1.0,1.0,0.625,100.0,TNFa,final,19.066093924606175,17.431472102488204,20.859147511652488,200
r_0p625,r,0.625,1.0,1.0,1.0,0.625,100.0,TRAF2_3,auc,0.0,0.0,0.0,200
r_0p625,r,0.625,1.0,1.0,1.0,0.625,100.0,TRAF2_3,final,0.0,0.0,0.0,200
r_0p625,r,0.625,1.0,1.0,1.0,0.625,100.0,TRAF2_5,auc,0.0,0.0,0.0,200
r_0p625,r,0.625,1.0,1.0,1.0,0.625,100.0,TRAF2_5,final,0.0,0.0,0.0,200
r_0p625,r,0.625,1.0,1.0,1.0,0.625,100.0,TRAF6,auc,0.0,0.0,0.0,200
r_0p625,r,0.625,1.0,1.0,1.0,0.625,100.0,TRAF6,final,0.0,0.0,0.0,200
r_0p625,r,0.625,1.0,1.0,1.0,0.625,100.0,p100,auc,28.746262745354745,26.766635609779822,31.003255558561925,200
r_0p625,r,0.625,1.0,1.0,1.0,0.625,100.0,p100,final,28.791199338732664,26.8109414851852,30.8925417073268,200
r_0p625,r,0.625,1.0,1.0,1.0,0.625,100.0,p100_RelB,auc,8.245397684405887,7.409110494941344,9.104772519468309,200
r_0p625,r,0.625,1.0,1.0,1.0,0.625,100.0,p100_RelB,final,8.298733927453739,7.480785286187619,9.1680001764607,200
r_0p625,r,0.625,1.0,1.0,1.0,0.625,100.0,p50_p65,auc,42.78489378382396,41.33923382671771,44.34039538347137,200
r_0p625,r,0.625,1.0,1.0,1.0,0.625,100.0,p50_p65,final,42.92506131699236,41.415661088864276,44.393651293438275,200
r_0p625,r,0.625,1.0,1.0,1.0,0.625,100.0,p52,auc,5.119002827826236,4.428564215848159,5.916052830046692,200
r_0p625,r,0.625,1.0,1.0,1.0,0.625,100.0,p52,final,5.129377912139532,4.433300806772327,5.955800936654887,200
r_0p875,r,0.875,1.0,1.0,1.0,0.875,100.0,BAFF,auc,3.1631799883928724,2.6561540872995644,3.764150414045845,200
r_0p875,r,0.875,1.0,1.0,1.0,0.875,100.0,BAFF,final,3.13233623818312,2.590304211468796,3.7628286984008805,200
r_0p875,r,0.875,1.0,1.0,1.0,0.875,100.0,BAFFR,auc,0.0,0.0,0.0,200
r_0p875,r,0.875,1.0,1.0,1.0,0.875,100.0,BAFFR,final,0.0,0.0,0.0,200
r_0p875,r,0.875,1.0,1.0,1.0,0.875,100.0,Btx,auc,0.0,0.0,0.0,200
r_0p875,r,0.875,1.0,1.0,1.0,0.875,100.0,Btx,final,0.0,0.0,0.0,200
r_0p875,r,0.875,1.0,1.0,1.0,0.875,100.0,CD40,auc,0.0,0.0,0.0,200
r_0p875,r,0.875,1.0,1.0,1.0,0.875,100.0,CD40,final,0.0,0.0,0.0,200
r_0p875,r,0.875,1.0,1.0,1.0,0.875,100.0,IKKa_noncanonical,auc,0.0,0.0,0.0,200
r_0p875,r,0.875,1.0,1.0,1.0,0.875,100.0,IKKa_noncanonical,final,0.0,0.0,0.0,200
r_0p875,r,0.875,1.0,1.0,1.0,0.875,100.0,IL1R,auc,0.0,0.0,0.0,200
r_0p875,r,0.875,1.0,1.0,1.0,0.875,100.0,IL1R,final,0.0,0.0,0.0,200
r_0p875,r,0.875,1.0,1.0,1.0,0.875,100.0,IkBa_release_signal,auc,28.54592665721588,26.697277518402814,30.388272626781777,200
r_0p875,r,0.875,1.0,1.0,1.0,0.875,100.0,IkBa_release_signal,final,28.657252876180074,26.88005159422368,30.549783115698165,200
r_0p875,r,0.875,1.0,1.0,1.0,0.875,100.0,LTB,auc,0.0,0.0,0.0,200
r_0p875,r,0.875,1.0,1.0,1.0,0.875,100.0,LTB,final,0.0,0.0,0.0,200
r_0p875,r,0.875,1.0,1.0,1.0,0.875,100.0,NEMO_IKKa_IKKb,auc,14.160859540940551,12.998279905046585,15.31264354350283,200
r_0p875,r,0.875,1.0,1.0,1.0,0.875,100.0,NEMO_IKKa_IKKb,final,14.208341617782938,13.040204904110674,15.404624859939013,200
r_0p875,r,0.875,1.0,1.0,1.0,0.875,100.0,NIK,auc,0.0,0.0,0.0,200
r_0p875,r,0.875,1.0,1.0,1.0,0.875,100.0,NIK,final,0.0,0.0,0.0,200
r_0p875,r,0.875,1.0,1.0,1.0,0.875,100.0,Phenotype_canonical,auc,14.961361578003052,13.41645458912369,16.578805720243754,200
r_0p875,r,0.875,1.0,1.0,1.0,0.875,100.0,Phenotype_canonical,final,14.362858828354597,12.74422619405568,15.94232848614039,200
r_0p875,r,0.875,1.0,1.0,1.0,0.875,100.0,Phenotype_noncanonical,auc,1.566066786434639,1.252365497761492,1.949277182703131,200
r_0p875,r,0.875,1.0,1.0,1.0,0.875,100.0,Phenotype_noncanonical,final,1.4947010126462046,1.1721202323506403,1.8720873347587192,200
r_0p875,r,0.875,1.0,1.0,1.0,0.875,100.0,TAK1_TAB,auc,0.0,0.0,0.0,200
r_0p875,r,0.875,1.0,1.0,1.0,0.875,100.0,TAK1_TAB,final,0.0,0.0,0.0,200
r_0p875,r,0.875,1.0,1.0,1.0,0.875,100.0,TNFR,auc,0.0,0.0,0.0,200
r_0p875,r,0.875,1.0,1.0,1.0,0.875,100.0,TNFR,final,0.0,0.0,0.0,200
r_0p875,r,0.875,1.0,1.0,1.0,0.875,100.0,TNFa,auc,21.42509819392532,19.60995701105457,23.403994579228776,200
r_0p875,r,0.875,1.0,1.0,1.0,0.875,100.0,TNFa,final,21.281010678302202,19.497719375663554,23.228186903457217,200
r_0p875,r,0.875,1.0,1.0,1.0,0.875,100.0,TRAF2_3,auc,0.0,0.0,0.0,200
r_0p875,r,0.875,1.0,1.0,1.0,0.875,100.0,TRAF2_3,final,0.0,0.0,0.0,200
r_0p875,r,0.875,1.0,1.0,1.0,0.875,100.0,TRAF2_5,auc,0.0,0.0,0.0,200
r_0p875,r,0.875,1.0,1.0,1.0,0.875,100.0,TRAF2_5,final,0.0,0.0,0.0,200
r_0p875,r,0.875,1.0,1.0,1.0,0.875,100.0,TRAF6,auc,0.0,0.0,0.0,200
r_0p875,r,0.875,1.0,1.0,1.0,0.875,100.0,TRAF6,final,0.0,0.0,0.0,200
r_0p875,r,0.875,1.0,1.0,1.0,0.875,100.0,p100,auc,32.44478665168048,30.26010444590699,34.88284969343212,200
r_0p875,r,0.875,1.0,1.0,1.0,0.875,100.0,p100,final,32.51358854460854,30.311139845832997,34.97614988786998,200
r_0p875,r,0.875,1.0,1.0,1.0,0.875,100.0,p100_RelB,auc,9.061844677791775,8.136005335044189,10.02288952146794,200
r_0p875,r,0.875,1.0,1.0,1.0,0.875,100.0,p100_RelB,final,9.120469638894125,8.207226534376789,10.134065285922743,200
r_0p875,r,0.875,1.0,1.0,1.0,0.875,100.0,p50_p65,auc,49.32636138972496,47.78254470095275,50.93042502644392,200
r_0p875,r,0.875,1.0,1.0,1.0,0.875,100.0,p50_p65,final,49.50561695071555,47.95854413019988,51.10931296310341,200
r_0p875,r,0.875,1.0,1.0,1.0,0.875,100.0,p52,auc,5.511390465976462,4.75435350109126,6.384977430762909,200
r_0p875,r,0.875,1.0,1.0,1.0,0.875,100.0,p52,final,5.522134790707279,4.703995732283496,6.35955483437518,200
r_1p000,r,1.0,1.0,1.0,1.0,1.0,100.0,BAFF,auc,3.2944066101991965,2.6837015888843836,3.977676530649547,200
r_1p000,r,1.0,1.0,1.0,1.0,1.0,100.0,BAFF,final,3.26244476199804,2.6426991621865272,3.9664735771036606,200
r_1p000,r,1.0,1.0,1.0,1.0,1.0,100.0,BAFFR,auc,0.0,0.0,0.0,200
r_1p000,r,1.0,1.0,1.0,1.0,1.0,100.0,BAFFR,final,0.0,0.0,0.0,200
r_1p000,r,1.0,1.0,1.0,1.0,1.0,100.0,Btx,auc,0.0,0.0,0.0,200
r_1p000,r,1.0,1.0,1.0,1.0,1.0,100.0,Btx,final,0.0,0.0,0.0,200
r_1p000,r,1.0,1.0,1.0,1.0,1.0,100.0,CD40,auc,0.0,0.0,0.0,200
r_1p000,r,1.0,1.0,1.0,1.0,1.0,100.0,CD40,final,0.0,0.0,0.0,200
r_1p000,r,1.0,1.0,1.0,1.0,1.0,100.0,IKKa_noncanonical,auc,0.0,0.0,0.0,200
r_1p000,r,1.0,1.0,1.0,1.0,1.0,100.0,IKKa_noncanonical,final,0.0,0.0,0.0,200
r_1p000,r,1.0,1.0,1.0,1.0,1.0,100.0,IL1R,auc,0.0,0.0,0.0,200
r_1p000,r,1.0,1.0,1.0,1.0,1.0,100.0,IL1R,final,0.0,0.0,0.0,200
r_1p000,r,1.0,1.0,1.0,1.0,1.0,100.0,IkBa_release_signal,auc,28.5214052890418,26.74299947811715,30.355999993616635,200
r_1p000,r,1.0,1.0,1.0,1.0,1.0,100.0,IkBa_release_signal,final,28.63256463438313,26.785529670652085,30.513341128465484,200
r_1p000,r,1.0,1.0,1.0,1.0,1.0,100.0,LTB,auc,0.0,0.0,0.0,200
r_1p000,r,1.0,1.0,1.0,1.0,1.0,100.0,LTB,final,0.0,0.0,0.0,200
r_1p000,r,1.0,1.0,1.0,1.0,1.0,100.0,NEMO_IKKa_IKKb,auc,14.12987331890817,12.965363443664664,15.360960611970688,200
r_1p000,r,1.0,1.0,1.0,1.0,1.0,100.0,NEMO_IKKa_IKKb,final,14.176993684718909,13.09183803361569,15.341340678569523,200
r_1p000,r,1.0,1.0,1.0,1.0,1.0,100.0,NIK,auc,0.0,0.0,0.0,200
r_1p000,r,1.0,1.0,1.0,1.0,1.0,100.0,NIK,final,0.0,0.0,0.0,200
r_1p000,r,1.0,1.0,1.0,1.0,1.0,100.0,Phenotype_canonical,auc,15.967796176484928,14.29727477623681,17.772690665882422,200
r_1p000,r,1.0,1.0,1.0,1.0,1.0,100.0,Phenotype_canonical,final,15.350252423347687,13.672902366668934,17.069758137634754,200
r_1p000,r,1.0,1.0,1.0,1.0,1.0,100.0,Phenotype_noncanonical,auc,1.5865877893268099,1.2135475554039854,1.992912378197738,200
r_1p000,r,1.0,1.0,1.0,1.0,1.0,100.0,Phenotype_noncanonical,final,1.5114271866639717,1.175590454910996,1.9348441901122162,200
r_1p000,r,1.0,1.0,1.0,1.0,1.0,100.0,TAK1_TAB,auc,0.0,0.0,0.0,200
r_1p000,r,1.0,1.0,1.0,1.0,1.0,100.0,TAK1_TAB,final,0.0,0.0,0.0,200
r_1p000,r,1.0,1.0,1.0,1.0,1.0,100.0,TNFR,auc,0.0,0.0,0.0,200
r_1p000,r,1.0,1.0,1.0,1.0,1.0,100.0,TNFR,final,0.0,0.0,0.0,200
r_1p000,r,1.0,1.0,1.0,1.0,1.0,100.0,TNFa,auc,23.182221226895372,21.137919177967802,25.436096821716458,200
r_1p000,r,1.0,1.0,1.0,1.0,1.0,100.0,TNFa,final,23.056402564875423,21.0975605448674,25.226998998450362,200
r_1p000,r,1.0,1.0,1.0,1.0,1.0,100.0,TRAF2_3,auc,0.0,0.0,0.0,200
r_1p000,r,1.0,1.0,1.0,1.0,1.0,100.0,TRAF2_3,final,0.0,0.0,0.0,200
r_1p000,r,1.0,1.0,1.0,1.0,1.0,100.0,TRAF2_5,auc,0.0,0.0,0.0,200
r_1p000,r,1.0,1.0,1.0,1.0,1.0,100.0,TRAF2_5,final,0.0,0.0,0.0,200
r_1p000,r,1.0,1.0,1.0,1.0,1.0,100.0,TRAF6,auc,0.0,0.0,0.0,200
r_1p000,r,1.0,1.0,1.0,1.0,1.0,100.0,TRAF6,final,0.0,0.0,0.0,200
r_1p000,r,1.0,1.0,1.0,1.0,1.0,100.0,p100,auc,35.364676869868376,32.90501487052902,37.985861618380454,200
r_1p000,r,1.0,1.0,1.0,1.0,1.0,100.0,p100,final,35.46424676506571,33.105201377885116,38.156286626593975,200
r_1p000,r,1.0,1.0,1.0,1.0,1.0,100.0,p100_RelB,auc,9.525027753939575,8.46426575367661,10.637965759520739,200
r_1p000,r,1.0,1.0,1.0,1.0,1.0,100.0,p100_RelB,final,9.588024672126183,8.479996553413594,10.85535310897586,200
r_1p000,r,1.0,1.0,1.0,1.0,1.0,100.0,p50_p65,auc,54.64446863774912,52.7426825831507,56.45426330881967,200
r_1p000,r,1.0,1.0,1.0,1.0,1.0,100.0,p50_p65,final,54.86501956177445,53.05219561877796,56.5819753802872,200
r_1p000,r,1.0,1.0,1.0,1.0,1.0,100.0,p52,auc,5.782551737664088,4.946925854689427,6.760030993829632,200
r_1p000,r,1.0,1.0,1.0,1.0,1.0,100.0,p52,final,5.795300621824473,4.931520320567271,6.7908628904110895,200
